,id,creation_time,occupation,focus_areas,gender,country,years_experience
0,00a91b2f-bbe6-4e66-870f-989ea2cef2f5,2022-03-22 15:28:42,academia,flood-modeling,male,United States,20
1,03e0f28c-b601-4ea7-8147-cdde13b843f9,2022-03-22 14:36:00,academia,water-resources,male,Denmark,20
2,03e2782c-85f4-47f2-a20d-0164fef7c53b,2022-06-02 18:43:45,academia,flood-modeling,other,United States,12
3,03f27dfa-8e93-411c-b9b7-4d9209d48e4c,2022-03-22 15:39:34,academia,flood-modeling,male,Canada,5
4,041ed83d-b595-4d7c-8ed6-a3a2f4584c51,2022-04-16 12:47:33,academia,water-resources,male,India,5
5,0500d0cb-cd24-448a-8466-3f3193309d4f,2022-03-24 03:56:03,academia,water-resources,male,India,5
6,054ca4de-8b5f-4f00-ad98-1278feab8945,2022-03-29 11:30:52,academia,"water-resources,drought-modeling,flood-modeling,waterquality,hydropower",female,Switzerland,2
7,06bc35cd-ad23-4553-b2ce-d1a7d3d1145e,2022-03-24 09:55:14,academia,waterquality,male,Italy,18
8,06d3435f-54e6-4114-9d17-4c74d39fd056,2022-03-22 13:49:12,industry,"flood-modeling,drought-modeling,water-resources,consulting",male,Belgium,11
9,073eb22f-879f-4883-a2f7-f4016373ec23,2022-03-28 11:51:33,academia,waterquality,male,Germany,3
10,07c2bbab-fbcb-49b1-9093-ee710607b6a5,2022-03-24 01:41:53,academia,water-resources,female,Canada,3
11,0845d333-43dd-4fda-9e9a-d4a4e7510ccd,2022-03-22 17:40:17,academia,"flood-modeling,water-resources",other,Canada,3
12,089e49af-baee-4a8f-a8c3-1dba91a5ea4d,2022-03-23 17:35:43,public-sector,"flood-modeling,water-resources",male,United Kingdom,17
13,08a1ab8a-266c-4e46-8547-acdbfc6faa29,2022-03-28 13:05:18,public-sector,flood-modeling,male,United Kingdom,5
14,08b2d00e-3f5e-44ee-b4e8-474316828068,2022-03-25 01:11:45,academia,"water-resources,waterquality",male,Canada,12
15,095bae0b-fa95-4315-992c-24b1669aa95e,2022-03-22 21:25:58,academia,waterquality,other,Canada,8
16,09c34109-01a0-4dfe-8214-1067b0cbefeb,2022-03-24 10:27:43,public-sector,flood-modeling,male,United Kingdom,5
17,0a48d0d2-530f-4bb3-b123-ef6777533eee,2022-04-09 00:46:36,public-sector,waterquality,male,India,11
18,0b0f901a-67f8-42b4-9a53-21b132df8e15,2022-03-24 12:30:26,academia,flood-modeling,male,Italy,30
19,0b999d90-51bc-49ea-a537-23dbf28ba2de,2022-03-23 15:14:13,academia,waterquality,female,United States,3
20,0bc60582-0386-40a3-bf46-ee68ea4460c1,2022-03-22 14:04:46,public-sector,flood-modeling,male,Ireland,11
21,0bebaa87-8201-454d-854e-a72fc1b30ec0,2022-03-25 13:11:13,academia,flood-modeling,male,United States,14
22,0c06ac12-b3f5-41f8-8ca6-7dda0ffe8b1a,2022-03-23 03:40:32,academia,"waterquality,water-resources",other,United States,8
23,0ca1f11f-f655-4a4c-a3e2-63e9b044ed2b,2022-03-25 15:10:54,academia,"other,Master Student Hydrology",male,Germany,4
24,0d133250-ea2c-4099-b638-cdbd3eac49f3,2022-03-24 13:19:06,academia,"flood-modeling,drought-modeling,hydropower,water-resources",female,Canada,9
25,0d235233-c055-4653-8dca-6718268b2179,2022-03-24 11:51:18,academia,"flood-modeling,drought-modeling",other,United Kingdom,4
26,0df945d4-8420-43de-9fe2-012e7568075d,2022-04-29 22:15:34,academia,"other,Geomorphology",female,United States,3
27,0ebe8443-c33e-4379-86d1-612db97e05d9,2022-03-23 00:12:43,academia,water-resources,female,Canada,7
28,0f1882c5-e726-4307-8af2-8f1aae6388fd,2022-03-23 12:48:50,academia,drought-modeling,female,Luxembourg,3
29,10e239ca-41b0-4fdb-be3d-bf6597f4e6be,2022-04-20 14:42:42,public-sector,flood-modeling,female,United Kingdom,5
30,11b0e8d7-a317-4b2f-b649-edac45a5e0c7,2022-05-14 00:41:17,industry,flood-modeling,male,United States,15
31,11b6bdb9-816d-4c4a-a6ae-1c841cd79c5b,2022-05-20 14:48:37,academia,water-resources,female,United States,3
32,11cc344a-2542-47ce-b434-32aa2339d70b,2022-03-28 00:17:08,academia,water-resources,male,Colombia,40
33,1256f413-48eb-42ce-9f7c-8cab1d1596d4,2022-03-29 02:13:49,academia,water-resources,female,Bahamas,8
34,1299857c-23d7-4635-b14c-53c3c03d9fa2,2022-03-27 21:31:11,academia,"water-resources,waterquality",male,Spain,40
35,12ea7544-5010-465b-b43f-6642e5eadce0,2022-03-24 04:06:09,academia,water-resources,male,Pakistan,3
36,133fa13e-be85-4725-80e7-f7b3b65b11aa,2022-06-07 08:59:16,academia,"other,catchment hydrology & modelling decisions",female,Netherlands,3
37,1352184a-291e-44a9-98b4-a396b25eb87e,2022-03-24 01:41:45,academia,flood-modeling,female,Canada,1
38,145a4a65-d0bf-4bc1-bbe6-cc9546985a74,2022-03-30 15:26:13,industry,flood-modeling,female,United Kingdom,18
39,147f61fd-1374-49aa-a3d8-71dc605573eb,2022-03-28 05:55:22,public-sector,"flood-modeling,water-resources,waterquality,other,Hydrographic Service",male,Austria,23
40,169a2327-abfe-4af9-9855-7da155d54ba6,2022-07-06 19:15:30,academia,flood-modeling,other,Canada,2
41,169f41cb-4b05-45f1-9553-6244a0e7d11e,2022-05-02 18:26:54,academia,flood-modeling,male,Germany,4
42,17bdf4a9-ae97-4c5a-94e1-a5e052a3072d,2022-04-04 12:02:38,academia,"water-resources,flood-modeling,consulting",male,South Africa,8
43,17c9acac-6acd-492d-9a03-b8b73aade473,2022-03-22 12:43:50,academia,"drought-modeling,flood-modeling",other,Germany,12
44,17d11a66-43b0-4948-af37-fbcd0d51177c,2022-03-22 21:40:36,academia,waterquality,female,United States,10
45,1819750f-0282-41c3-b066-f969cbdf1f6a,2022-04-08 20:45:27,academia,water-resources,male,India,4
46,18a34050-863c-4f3c-b699-a329d5776219,2022-04-05 15:11:23,industry,"water-resources,hydropower",male,Canada,15
47,18d30e51-d443-4766-9426-8fcd2d7ad523,2022-05-23 18:14:29,academia,"other,General hydrologic science",other,United States,6
48,19e7c512-6199-49a7-9310-b239b5bf0c6f,2022-03-23 22:16:51,public-sector,"flood-modeling,hydropower",male,Turkey,8
49,1ac4be8f-0881-4c36-9e6e-a0085121f142,2022-04-30 05:18:46,academia,water-resources,male,Pakistan,5
50,1af5a46b-54aa-44a3-b595-009c8762b499,2022-03-28 09:54:38,academia,"drought-modeling,water-resources",female,Netherlands,2
51,1b17c8a0-db97-4c4a-a233-60d36cdb8917,2022-04-28 15:10:56,industry,"waterquality,flood-modeling",other,Canada,3
52,1ba9afef-be54-4dd2-b235-73a00559f3dc,2022-03-25 14:30:57,public-sector,flood-modeling,male,United Kingdom,3
53,1be8dcd4-f30b-4f4f-9e22-e83ab212ca14,2022-03-22 11:58:07,public-sector,"flood-modeling,drought-modeling",male,United Kingdom,10
54,1c1f204d-8a84-48cc-b2dd-4a3b1ea95e16,2022-03-22 20:13:50,public-sector,"flood-modeling,water-resources",male,Canada,18
55,1c26b4ad-4677-4dbf-b513-ff02aea7e870,2022-03-23 14:44:58,academia,"flood-modeling,water-resources,consulting",male,Indonesia,5
56,1c3cf814-df3f-41ef-8f7c-f7944faa6bcc,2022-06-02 10:43:56,academia,water-resources,female,Germany,17
57,1c58bf3d-b37d-4976-b9d2-004c6ced98bd,2022-03-22 22:48:20,industry,"flood-modeling,consulting,water-resources",female,Canada,7
58,1c82f778-dafa-497c-8047-cd498e0ef7b6,2022-03-24 00:06:41,academia,"water-resources,flood-modeling,drought-modeling",male,Czech Republic,12
59,1d81dcdd-a176-49e7-9b1b-4a756e20c69a,2022-03-23 07:04:54,public-sector,"water-resources,waterquality",male,Greece,25
60,1d83c6d6-07b6-4537-8f42-41b658523334,2022-03-23 01:47:22,academia,waterquality,female,United States,14
61,1e63c5a9-39d1-4ad7-92b6-d9153ab6f5b3,2022-03-22 18:40:33,academia,"other,Hydrocomplexity",male,United States,30
62,1f05f3a1-9a74-404b-81fb-3659174af463,2022-03-23 04:26:40,industry,water-resources,other,United States,13
63,1f44b9be-af79-48ea-93b8-5e7e99155603,2022-03-28 07:14:48,industry,"flood-modeling,water-resources",male,Belgium,10
64,1fbaf472-24e7-490f-851e-eb238dcac580,2022-03-22 19:44:49,public-sector,flood-modeling,male,Italy,16
65,1fca3ca2-b9bd-4622-ab8c-1950a4588af2,2022-04-27 15:26:21,industry,hydropower,female,Canada,2
66,202fe260-63fe-4a43-92d1-cd92dd92ea60,2022-05-24 08:29:46,public-sector,water-resources,female,Slovakia,8
67,20653649-5407-4eeb-a721-e22155837511,2022-03-25 05:17:42,academia,"water-resources,waterquality",other,India,6
68,208b9953-f408-4b6c-99b9-23d87c63548d,2022-03-25 12:57:12,academia,water-resources,male,Mexico,6
69,20f50257-033a-4da5-a506-ae901e5a2217,2022-03-25 15:06:30,academia,flood-modeling,male,United States,2
70,2191e930-7df0-41ad-811f-df2699378824,2022-03-22 20:46:02,academia,flood-modeling,male,Spain,10
71,22c97a1c-bed8-49a6-9979-3c1256bcfb18,2022-03-22 21:52:04,academia,"flood-modeling,waterquality,drought-modeling",male,France,4
72,22ef036d-79b4-4733-b41c-7420185cc874,2022-03-25 07:50:51,academia,flood-modeling,male,Italy,20
73,23c9a515-318f-4d62-89f1-1fd384b8aced,2022-03-22 20:54:51,academia,water-resources,female,Canada,7
74,2452a5a7-cd02-4e4d-a06f-9208c94ba561,2022-03-23 07:37:33,public-sector,water-resources,male,Romania,32
75,24cc19bb-0712-4875-9cea-f9aec83d9423,2022-03-23 03:09:02,public-sector,"flood-modeling,water-resources,consulting",male,Canada,25
76,2564370a-f783-489d-bb8b-c2c2a3b4bd49,2022-03-23 12:17:42,academia,"other,Environmental Hydrogeology",female,Spain,25
77,25718ca7-da96-4cd1-8dd1-163008d5baed,2022-03-22 20:35:26,academia,drought-modeling,male,Chile,5
78,258c1e24-e404-4b9b-bb81-79be890351d9,2022-06-28 05:56:33,academia,"other,GIS",female,Kazakhstan,2
79,264b6498-d72c-4bdb-bc2b-07e82ac34d31,2022-03-22 19:41:18,academia,"flood-modeling,drought-modeling",male,China,20
80,27b92e03-53bc-4c80-94f1-ffe9b101ea0e,2022-03-22 19:53:58,academia,flood-modeling,male,Turkey,1
81,286aaf37-ed82-4d81-bc46-7edc3a846454,2022-03-24 06:40:49,academia,water-resources,male,Australia,4
82,287fd1d8-d442-48d7-90d9-b954402c6aae,2022-03-23 01:24:55,industry,flood-modeling,other,United States,15
83,29813647-e889-4b6b-806b-dd6b4201589f,2022-03-23 08:39:21,public-sector,"flood-modeling,drought-modeling",male,France,4
84,29e3c6b2-2e0e-4f4f-8d20-2dc513b9eae1,2022-03-22 19:30:32,industry,"drought-modeling,water-resources,consulting",male,Canada,12
85,29ed5c18-7226-45b3-9874-05b28d86a1df,2022-04-29 16:56:44,academia,"water-resources,drought-modeling",male,United States,7
86,2a26d50d-2172-4983-ae63-2845d16d3f1a,2022-03-23 11:58:45,academia,water-resources,male,Kenya,1
87,2aea570c-5751-4da2-baf5-5ecb59656ba5,2022-03-22 22:35:27,public-sector,flood-modeling,male,United Kingdom,30
88,2b16ee52-2d16-44e2-91a1-cd5af03e34e0,2022-03-22 13:19:42,academia,flood-modeling,male,Canada,8
89,2b240631-81c6-437d-8c30-f8363d114cf2,2022-03-23 12:23:48,academia,water-resources,male,Hong Kong,10
90,2b309d28-f806-4c78-86ef-691ddeadd61b,2022-03-24 03:24:29,public-sector,"flood-modeling,water-resources",male,Canada,17
91,2b655370-a164-45bd-a8f7-da3716d09af6,2022-06-05 21:26:51,academia,"flood-modeling,waterquality,consulting,hydropower",male,Canada,10
92,2b9d44e9-d845-41f7-827b-8d92ad874b91,2022-03-22 21:39:54,public-sector,flood-modeling,female,United States,12
93,2bbf2b1c-18e4-4981-976e-6a2d4a2ec6d1,2022-03-25 15:11:43,academia,"water-resources,flood-modeling,drought-modeling",male,Switzerland,35
94,2c23a2ef-50ea-40a0-aba6-dd820bebb4d2,2022-03-24 10:45:24,industry,"flood-modeling,water-resources,consulting",female,United Kingdom,20
95,2c335173-8a71-4354-801d-0e49e9773729,2022-03-24 03:25:18,academia,water-resources,male,United States,25
96,2c58c852-5ea6-4a54-8ef5-989875fb355e,2022-03-23 06:21:14,academia,flood-modeling,other,India,4
97,2c7afa18-4c4e-4f30-8e57-adea0ec511e1,2022-05-20 14:48:55,academia,flood-modeling,male,United States,5
98,2d1d7c50-3fae-47a5-b530-f759ea30cf4f,2022-03-25 14:05:35,academia,water-resources,male,Sweden,3
99,2d4c1215-cc8c-4247-b400-faea4eb94db7,2022-03-31 06:57:12,academia,"flood-modeling,drought-modeling",female,Switzerland,10
100,2dc81cbb-5d82-40b4-9a35-b5552fc07292,2022-03-22 12:05:15,academia,"other,large scale hydrology / climate science",male,Switzerland,15
101,2e0b731d-596c-4d36-9fb1-582f6b8a8644,2022-06-21 23:55:48,industry,flood-modeling,male,Canada,5
102,2f7dc531-cc0b-4c4f-919c-0e6b3261410f,2022-03-22 11:53:28,academia,"flood-modeling,drought-modeling,water-resources",female,United Kingdom,10
103,2fa62d22-2f0a-4bc0-8e25-a0160b105738,2022-03-22 18:01:08,academia,"water-resources,hydropower,other,Snow hydrology",female,United States,6
104,303969b3-b250-49a8-9d62-56fec9a415cc,2022-03-23 08:05:21,public-sector,water-resources,male,Greece,30
105,312be92e-204c-4a38-bd4d-5a9abac6b96f,2022-03-24 00:40:10,public-sector,"flood-modeling,drought-modeling",male,Brazil,14
106,318a7194-e5db-4d93-8d7a-6b8d86a01ac1,2022-03-31 13:06:25,industry,"flood-modeling,water-resources,waterquality",female,United States,15
107,31fa6df1-09ac-4956-95e3-1deded289166,2022-04-06 08:57:16,industry,"flood-modeling,hydropower",male,France,25
108,3210e056-33f1-4b61-86dc-a7c5f9e3e0c5,2022-03-22 20:15:40,academia,flood-modeling,male,United Kingdom,30
109,32273efd-6fad-4183-986a-6835056918a9,2022-03-23 12:02:57,academia,drought-modeling,male,United States,2
110,325186d2-a77b-46c7-9802-1a28863329c8,2022-03-24 14:54:00,public-sector,flood-modeling,female,United Kingdom,15
111,3326fd3f-8e71-43c6-b3c4-28d425f3aac6,2022-03-28 11:50:34,academia,"flood-modeling,water-resources",male,Germany,4
112,3396b498-56bb-4832-961e-7d73d12fc3de,2022-03-22 19:26:10,academia,water-resources,male,Canada,4
113,34455968-e5c2-4875-ae99-4dfa2fdfb585,2022-03-24 19:42:45,public-sector,"flood-modeling,water-resources",male,Italy,8
114,34deb3e5-bd36-4baf-93b5-6346c8c43b25,2022-03-22 16:09:44,public-sector,flood-modeling,male,Israel,6
115,35a62dad-75ce-4e14-84c8-2a68d340c507,2022-03-23 23:34:32,academia,"other,Ecohydrology",female,Australia,10
116,35bb36e7-530d-4f6f-9c56-3c0c4a9dd2e6,2022-07-07 04:32:28,academia,water-resources,male,India,4
117,3644b118-ffb8-4c26-af7f-4b7e283f5164,2022-03-24 08:24:00,academia,"consulting,water-resources,flood-modeling,other,PUB, hourly and daily streamflow predictions, dominant mechanisms",female,Spain,8
118,3699e632-1515-4b85-a2ba-64c2667851eb,2022-03-23 08:00:52,academia,"other,Ecohydrology",female,United States,11
119,37697a60-2f9c-41fc-b648-8ae92ef2cd46,2022-03-24 08:23:26,academia,"other,meteo",male,Russian Federation,6
120,3799b8cd-fbff-438c-97a6-67a821d1246c,2022-07-06 23:07:14,academia,"water-resources,waterquality",female,United States,3
121,384f0d6d-93ea-4ce2-ad81-cbf063ed37f0,2022-03-24 14:40:24,industry,"flood-modeling,drought-modeling,water-resources,consulting",male,Canada,7
122,39a12e69-af0e-412c-b44f-6c9ec84becb4,2022-05-06 03:08:45,academia,water-resources,male,United States,0
123,3a67f486-6755-46b5-92b4-2ee6d1ca68d5,2022-03-22 21:30:07,academia,"drought-modeling,flood-modeling",male,Germany,15
124,3af66647-28d6-4e25-a3f3-25acb89370b4,2022-03-22 23:10:46,academia,"waterquality,drought-modeling,water-resources,flood-modeling,hydropower,consulting",male,United States,10
125,3b2b0ca5-14cf-47a8-95cc-8109c42e49a5,2022-03-22 21:01:00,academia,flood-modeling,male,China,6
126,3c9f3aa5-e533-4205-b890-fbe95f0c7d4a,2022-03-23 07:04:11,academia,water-resources,male,Italy,9
127,3ca87b12-ab4c-4de7-b826-3a911eca14da,2022-03-25 08:08:19,academia,"flood-modeling,water-resources",male,Germany,8
128,3ccd4562-3a0c-4ee2-b253-26601af1e05a,2022-07-07 19:03:43,academia,drought-modeling,male,Morocco,3
129,3d453d1e-bac1-4967-be02-3c36d2143763,2022-03-24 18:20:11,academia,"hydropower,flood-modeling",male,Iceland,7
130,3e1aa681-68b6-4ff0-9ad9-b2c6900e048b,2022-03-23 03:42:31,academia,"flood-modeling,water-resources,hydropower",male,India,5
131,3e1d7b83-cd9a-4562-80cf-29b78f544f79,2022-05-25 13:19:06,academia,"other,flow modelling",female,Belgium,5
132,3e61d9ac-1e96-4bad-8fc8-dd11ac1f747e,2022-03-22 14:56:57,academia,waterquality,female,Canada,2
133,3e64c5e6-8a60-4fb1-ac7e-d16e5a322cc4,2022-03-25 06:18:12,academia,"other,Global hydrology",other,Germany,2
134,3ee1ba24-dee9-4091-8775-bdaf6e55848d,2022-03-23 04:19:21,academia,water-resources,male,Canada,2
135,3faf529e-b211-42af-bce4-da703fcb1246,2022-03-22 16:04:01,academia,flood-modeling,female,United Kingdom,17
136,406bfd19-ad66-438e-a017-f906ccfcb222,2022-04-26 23:43:33,academia,water-resources,female,Australia,5
137,40a220d3-0a57-44b3-8078-d0a8fb2881a9,2022-03-24 10:54:50,industry,consulting,male,Pakistan,4
138,40a2b804-6448-4b20-9e61-aa04fd3155f2,2022-03-22 11:53:45,academia,drought-modeling,male,India,5
139,40c37847-3101-4cd4-80c6-3b743eb2c5ea,2022-03-22 11:55:52,academia,"water-resources,waterquality,other,Hydrometry and data exchange",male,Germany,10
140,41818c2f-a2ca-4937-9f3b-bbd6e58df151,2022-04-11 10:34:56,academia,water-resources,male,United Kingdom,20
141,4256df50-dc89-4c44-a5b6-994f40126f04,2022-03-23 00:53:17,industry,"water-resources,consulting",female,United States,3
142,4323ba50-6bb3-42e8-aa20-583b756b3a31,2022-03-23 08:57:01,academia,"water-resources,waterquality",male,Spain,15
143,4342efb3-d156-43e5-a7f0-4c3a9468ffff,2022-03-23 15:28:37,academia,flood-modeling,female,Germany,2
144,44bf1996-a3bf-477d-9210-78a7d7a951f1,2022-03-22 12:17:10,academia,"water-resources,waterquality",male,Austria,1
145,45080c68-64a3-49ff-b4fc-ab68e9aeba2a,2022-03-22 13:37:19,academia,drought-modeling,male,Germany,10
146,450eed6b-1f1b-439e-8ce0-c41e65b7e9fa,2022-04-29 15:04:07,academia,"flood-modeling,drought-modeling",male,United States,10
147,453883d2-c00e-4425-bffc-76936194a668,2022-03-24 06:21:32,academia,"water-resources,drought-modeling,flood-modeling",male,South Africa,2
148,461c8c65-8583-4f36-b631-84c0e1f97875,2022-04-21 12:46:58,industry,"water-resources,hydropower",male,Canada,26
149,464cf5a4-4e70-4639-9049-33db6e96b9a3,2022-07-07 07:54:40,academia,water-resources,male,Italy,10
150,469840b5-2cf7-4290-b6c4-d85586002f46,2022-06-22 00:23:56,industry,flood-modeling,other,Australia,10
151,46f7aa26-4c20-4ea1-bf0b-da32c855f3a9,2022-05-20 17:39:06,academia,"water-resources,drought-modeling",female,United States,3
152,4765d122-533a-450d-9a6d-b6e608f62f35,2022-03-25 09:54:35,academia,water-resources,male,Slovenia,2
153,47ad744e-52ed-416f-8dc1-e24050ee7432,2022-03-23 04:03:07,academia,"flood-modeling,drought-modeling,water-resources",male,United States,20
154,47db259f-9222-49bc-9d2d-47280282b6d1,2022-03-27 22:59:44,academia,"flood-modeling,water-resources",male,Ecuador,25
155,48d0b38a-5f6e-41c4-8371-01477fefba2c,2022-03-24 03:44:28,academia,"flood-modeling,hydropower",male,Viet Nam,13
156,4922318e-65e0-446e-b89f-03d6abb6d4a0,2022-04-06 16:41:10,academia,"other,Hydrology",male,Germany,5
157,4943942f-b2b8-4444-b214-76bbdb7178e6,2022-03-24 11:03:12,public-sector,flood-modeling,male,United Kingdom,1
158,4965b5c3-5016-4a59-a85f-36449f381778,2022-03-24 15:21:55,academia,"flood-modeling,drought-modeling,water-resources,waterquality,hydropower",female,United States,15
159,4987e2f5-9950-4892-bece-9e49ff3a05be,2022-03-24 09:44:22,public-sector,"waterquality,water-resources",male,United Kingdom,10
160,49a254ba-ec11-489e-bfc2-c1d3531eb689,2022-04-12 05:37:53,industry,hydropower,male,Sweden,20
161,49db5247-cbf7-44ac-b0c1-c644793d5839,2022-03-22 14:35:55,academia,"other,hydrogeomorphology",male,United States,3
162,49e90e94-29ae-4677-afea-a2444c1d1865,2022-03-23 13:27:19,academia,"flood-modeling,water-resources",male,Italy,4
163,4a2a7926-07fb-4c27-bf58-c38e9c6770f7,2022-03-23 20:00:33,academia,water-resources,male,Chile,3
164,4abf9748-7386-4e27-a408-027359b75af4,2022-03-23 06:24:47,academia,"other,subsurface modeling",female,China,4
165,4ad2db75-2458-4f1d-93c1-3fce1d53ca86,2022-03-23 17:23:34,public-sector,flood-modeling,male,United States,7
166,4ad7710c-4b01-4804-b7dc-717ff6289563,2022-03-24 00:17:36,academia,flood-modeling,male,Iran Islamic Republic of,4
167,4add58b3-9e66-40f3-8cb6-5beeb784c391,2022-03-25 00:09:44,academia,flood-modeling,male,Canada,20
168,4aebb371-1289-41b6-861e-5b8474717b4f,2022-03-23 01:23:24,public-sector,"water-resources,waterquality,flood-modeling,drought-modeling,other,Climate change",male,Canada,10
169,4b23c7c6-a6ef-4483-bc62-b936248bc078,2022-03-23 00:58:35,public-sector,flood-modeling,male,Canada,25
170,4bd24c71-1496-4051-8f6f-7383301a178b,2022-07-06 20:08:56,academia,"flood-modeling,drought-modeling,water-resources",male,Canada,20
171,4c4cd1a2-a7b4-48a0-8581-1767cd6b3931,2022-05-23 22:21:06,public-sector,waterquality,male,Canada,7
172,4d6096ac-bf7c-4032-ae02-0aa6c2938e36,2022-04-01 15:08:30,academia,water-resources,male,Colombia,10
173,4d906960-47cf-4624-9b1e-b08fe6295313,2022-03-23 08:15:06,academia,flood-modeling,female,France,0
174,4e2a39bc-3b88-497a-8556-e379549def0e,2022-03-23 08:44:19,academia,"water-resources,waterquality,consulting",male,Germany,16
175,4ee5bd23-b902-4723-a10f-7b5a6a5ffa41,2022-03-23 15:11:16,academia,"flood-modeling,drought-modeling",male,United Kingdom,10
176,4f1a89cd-10ee-4d48-88a1-f6dce686dd46,2022-05-24 07:55:08,academia,"water-resources,other,Data science",male,Germany,3
177,4f23ad5e-e3f5-4766-a68d-a2f016922fa3,2022-07-06 16:49:18,academia,water-resources,female,United States,3
178,509c7b90-061b-4461-a399-8690abb96d0f,2022-03-23 10:51:43,academia,"hydropower,flood-modeling,water-resources",other,Brazil,6
179,50ed12dc-d46c-4ae0-bb70-5ee81fccb7ba,2022-03-25 07:26:01,academia,drought-modeling,female,Italy,3
180,5107f1af-e3b0-4c56-80e6-60262b53aee5,2022-03-23 04:05:07,academia,water-resources,male,United States,30
181,51886e1d-2a92-45f7-9fa3-778d617de823,2022-06-29 03:59:55,academia,"flood-modeling,drought-modeling,water-resources",male,Mexico,5
182,547a7e48-102a-4e0b-9007-10bc2886cc77,2022-06-09 01:44:40,academia,flood-modeling,other,Australia,20
183,55450507-881e-4ad2-ad07-46b05b9f1186,2022-03-24 16:34:53,academia,flood-modeling,male,Canada,2
184,55a0b2a6-5811-41a0-966a-6102629b6156,2022-05-18 21:57:34,industry,consulting,female,Canada,13
185,55a9f1ab-4d4e-4953-97e2-bae9c3e5f33a,2022-03-28 11:57:23,academia,"other,landscape water storage modeling, vadose zone hydrology",male,Germany,4
186,55d030a0-e38e-4f17-a339-0a91181e4343,2022-05-20 15:05:35,academia,"flood-modeling,water-resources",male,United States,12
187,56022edb-0a06-458b-9b66-553b7cb488cc,2022-04-07 17:06:41,public-sector,"flood-modeling,drought-modeling,water-resources,hydropower",other,Canada,20
188,561595f2-600e-4e83-93ba-f4191d59ff7e,2022-03-23 21:01:32,academia,"other,Hydrometeorology",male,Israel,6
189,56d362d2-c501-407e-9800-bb1dc390c310,2022-04-25 18:53:52,industry,"water-resources,hydropower",male,Canada,7
190,587af083-8817-4b6f-b396-c95a61e9dab3,2022-03-23 13:26:50,academia,waterquality,female,United Kingdom,30
191,589a8398-c5d4-4462-8950-da2341535657,2022-03-22 23:45:12,public-sector,flood-modeling,male,Australia,20
192,58a009d4-8372-47ab-8f5f-f5c26f9385b9,2022-04-07 06:24:27,industry,"flood-modeling,drought-modeling,hydropower",other,Sweden,30
193,594e26f3-0d65-43ab-9b00-b82d041182f1,2022-07-06 16:30:08,industry,Insurance,male,Germany,4
194,59724fb0-dc62-475b-994d-9c083beac091,2022-03-23 12:45:50,academia,"water-resources,flood-modeling,drought-modeling",male,Germany,9
195,59b04557-50ea-403a-ba76-81efcac03674,2022-03-23 16:04:48,academia,drought-modeling,male,India,6
196,5afb122d-d595-4c21-90fc-56122ee42ce1,2022-03-22 17:54:32,academia,water-resources,female,Netherlands,12
197,5b0c88e1-8ed5-4a01-93cd-b6658f962652,2022-03-23 14:47:50,academia,"flood-modeling,consulting",female,Indonesia,2
198,5b1ba77d-a199-4d44-b6a9-f9377d029b60,2022-05-14 03:32:59,industry,"consulting,water-resources,hydropower,waterquality",other,Canada,6
199,5b24c61d-e485-4ae5-b4a2-8c7e56d6f3cd,2022-03-28 08:24:23,academia,"flood-modeling,water-resources,other,(Stochastic) modelling of integrated hydrosystems",male,Germany,23
200,5b29005f-4745-4cb3-bb14-75b410810515,2022-03-25 20:21:56,academia,"water-resources,flood-modeling",female,Russian Federation,13
201,5c350aaa-d081-4c32-9761-e6b78174bd8b,2022-07-06 12:28:22,industry,flood-modeling,male,Israel,2
202,5cd23fc4-2e21-445a-898b-ff86908d1013,2022-07-06 20:45:16,academia,"flood-modeling,water-resources,hydropower,consulting",male,Canada,15
203,5dccf35d-bc2d-4e24-ad5f-bd57a78b1425,2022-03-24 09:48:49,academia,"flood-modeling,water-resources",male,India,15
204,5f0030c0-197f-49e6-8960-1ee4f5eab97a,2022-03-23 23:22:49,academia,water-resources,male,United States,48
205,5f7b37ed-bfc6-4636-bea3-b1f579e1191c,2022-03-23 13:13:18,academia,"water-resources,hydropower",male,Austria,15
206,5febae1c-aec8-45f1-aeaa-fae414cb2c37,2022-03-24 03:45:19,academia,flood-modeling,female,Russian Federation,10
207,602c6317-a699-4180-80b6-ca15229616ed,2022-03-23 07:45:02,academia,"water-resources,waterquality",male,Greece,20
208,608444a2-0cd6-462f-bc9f-aca0411efc49,2022-05-24 16:04:10,industry,"flood-modeling,consulting,water-resources",male,Costa Rica,8
209,608cebf1-3834-413c-912d-9796757df857,2022-03-22 21:39:52,academia,drought-modeling,male,United Kingdom,2
210,60939d1a-50cd-426d-abd9-4aa5ee783ee8,2022-03-23 16:30:04,academia,"flood-modeling,water-resources",female,Uruguay,20
211,610f9982-af83-437e-a1f6-fe5ca9df7a86,2022-03-23 17:12:16,industry,"flood-modeling,consulting,other,software development",male,United States,10
212,61268d5c-1b92-46f1-b178-ba3f83a9b715,2022-03-22 12:32:11,academia,water-resources,female,Austria,7
213,61ffb59d-43ab-42c4-803d-4f4589b17b85,2022-03-22 20:00:08,academia,"water-resources,drought-modeling",male,United States,5
214,621021c1-1609-4816-a373-f727cdcb0fa7,2022-03-22 14:44:08,academia,drought-modeling,other,Germany,10
215,629161f8-ff47-47a2-8662-b9bd75448b29,2022-05-18 23:07:57,industry,"flood-modeling,water-resources,consulting",male,Australia,5
216,62a3109b-e523-4131-a230-9bdccff285a5,2022-03-22 21:34:13,academia,"waterquality,water-resources,flood-modeling",male,Germany,10
217,62b8f10f-4060-4744-aac1-07a2a318f1c4,2022-03-23 19:23:34,academia,flood-modeling,male,United States,3
218,631f25c2-3343-4447-8880-8119326bc95b,2022-05-25 13:40:39,academia,"flood-modeling,water-resources",male,Germany,6
219,638891e8-5205-46fc-99d5-73fb3db39d7b,2022-03-24 14:17:51,academia,"water-resources,drought-modeling",male,United States,12
220,63a8122d-768c-4109-8d01-7432c88c5b9e,2022-03-23 01:25:48,academia,"other,Ecohydrology",male,United States,17
221,63fe1a83-c715-4f09-9fa8-83d334fae687,2022-03-22 15:13:50,academia,"flood-modeling,drought-modeling",male,United States,5
222,64029748-c3a6-424b-adaa-92d07cb548af,2022-03-23 14:57:07,academia,"flood-modeling,drought-modeling,waterquality",male,Germany,16
223,643bb767-44b7-4eda-8fb9-a6553b6f6cb9,2022-03-22 22:42:33,academia,"drought-modeling,water-resources,hydropower",male,United States,7
224,647be022-03e6-4fc4-9656-9922e3d31176,2022-07-06 12:23:06,academia,"other,Interpretable Machine Learning",female,Austria,0
225,64c73c78-8dc9-4565-975f-bc8d4796fbb7,2022-03-23 17:04:14,academia,"waterquality,flood-modeling",female,United States,9
226,65372c52-1a24-4f39-8be2-1249fab859e5,2022-03-22 23:03:45,academia,flood-modeling,other,Austria,4
227,660d4680-cb46-4128-8ae5-b092997c9426,2022-06-22 10:02:58,public-sector,"water-resources,flood-modeling",other,Australia,7
228,6754ef9d-fa69-4d12-aab9-45fe052426e3,2022-03-23 00:51:39,academia,"flood-modeling,waterquality,hydropower",male,Brazil,10
229,67f8ace2-0eda-4fdb-a273-94df4abdf0f4,2022-03-22 17:29:02,public-sector,"flood-modeling,drought-modeling,water-resources,hydropower,consulting,Insurance,social-sciences",male,Netherlands,15
230,68033854-6539-43ee-a98d-0322d1c6ef17,2022-03-28 08:43:04,academia,flood-modeling,male,Germany,1
231,6806d0b5-a354-4a9c-901a-26ed204a6174,2022-05-13 14:02:40,academia,"flood-modeling,water-resources",male,Canada,2
232,6897dece-4a15-4f1c-973f-f53af8804c45,2022-03-24 08:18:38,industry,water-resources,male,Russian Federation,5
233,6a7089e0-45bd-410b-bcce-9aacafb888c0,2022-03-24 18:01:22,academia,"waterquality,water-resources",female,Germany,8
234,6b128963-4b00-4406-9f22-93b1e6eb5727,2022-04-26 23:53:55,academia,"flood-modeling,water-resources",male,Australia,5
235,6b3af095-3b0d-4821-959e-a91c0b1622f8,2022-03-23 15:04:46,academia,flood-modeling,female,Italy,1
236,6b9bd5b1-ab1a-4149-b0ac-3724e53cd525,2022-03-22 12:18:32,academia,water-resources,male,Austria,40
237,6bde0d97-edb4-4da4-b738-7f9b59465de5,2022-03-25 13:25:02,academia,water-resources,male,Germany,8
238,6c27963a-0912-47dc-a867-eae6b39d2833,2022-03-23 07:31:45,academia,"water-resources,flood-modeling",other,United States,6
239,6cb3302a-c036-4c00-979d-bf8607b58ebe,2022-04-26 23:41:05,academia,"flood-modeling,water-resources",male,Australia,7
240,6cc51479-0f7e-462b-ae27-544d7d99991d,2022-03-22 12:50:24,academia,"other,Catchment hydrology",male,United States,9
241,6cdca728-1cc0-43ac-884f-8b8b076ccd4e,2022-02-14 21:24:57,public-sector,waterquality,other,Austria,10
242,6cfaf638-e9a6-4387-98da-b34d108aa148,2022-03-22 21:16:49,academia,waterquality,female,United States,10
243,6ddcf1a6-6fc5-4e17-b8d2-4c7595897965,2022-03-24 05:40:54,academia,"flood-modeling,water-resources",male,Ethiopia,4
244,6e9012c7-8290-4923-8ac2-537df0da1cfc,2022-03-29 21:11:22,public-sector,flood-modeling,male,Italy,1
245,6fcf6c75-657c-4e8e-b405-ceda86396057,2022-03-22 12:03:48,academia,flood-modeling,female,United Kingdom,4
246,6fedaeb7-384c-417e-ab82-f6e765b41631,2022-03-22 14:53:09,academia,"flood-modeling,water-resources",male,Netherlands,10
247,702c6f14-01f3-48aa-a67a-f5b3a2968a00,2022-03-23 08:25:42,public-sector,"flood-modeling,drought-modeling",male,Netherlands,15
248,709d460a-5763-4420-a10e-5914b4907dda,2022-03-24 07:48:43,academia,"waterquality,water-resources,social-sciences",male,Germany,18
249,7153aad6-93ab-4233-b58f-85d7c16b2fe1,2022-06-09 21:43:15,academia,"other,Undergrad enviro/civil double major 4th year of 5",female,Australia,2
250,71eb92bb-bdf6-4818-8945-ce8d1371df01,2022-03-23 01:00:48,academia,flood-modeling,male,Brazil,15
251,7211db3f-befd-4105-b9c1-88d7a88e499a,2022-03-23 19:32:07,public-sector,water-resources,female,United States,12
252,72620b22-5145-4f9f-8f68-648bb2e6f3d2,2022-03-24 06:25:22,academia,"flood-modeling,drought-modeling,water-resources",male,Russian Federation,40
253,72f3ab0d-aab6-4c88-b124-c3dfaccf6031,2022-05-24 08:25:30,academia,hydropower,male,Germany,2
254,730f9ff0-880a-486e-a19f-ba4c0ee704d0,2022-05-20 14:44:37,academia,flood-modeling,male,United States,2
255,732bb54f-6e90-44b8-8aca-ae03575030de,2022-03-24 09:23:02,public-sector,flood-modeling,female,United Kingdom,17
256,73634ed3-69e2-442f-97f7-4f39062b067d,2022-04-25 14:22:41,industry,flood-modeling,male,United Kingdom,18
257,74513c85-343a-4562-82c4-72e87decac97,2022-04-30 07:22:50,academia,"flood-modeling,water-resources",other,United States,12
258,74e061e8-8ba2-4603-9dac-1cbd59657e30,2022-03-29 03:43:15,public-sector,"water-resources,drought-modeling,flood-modeling,waterquality",male,New Zealand,20
259,7547f951-96c9-4d06-b9be-d561fde20f47,2022-03-24 07:49:49,public-sector,flood-modeling,male,United Kingdom,8
260,757eb0f7-0ba3-40e3-81cc-4b8058e13cc7,2022-03-23 17:10:24,academia,water-resources,other,United States,3
261,765ccea4-fad4-41ed-ae2e-78647b57ce57,2022-03-23 10:33:45,industry,water-resources,male,Chile,12
262,76aae744-78e9-48a0-93c0-b5bd7528b665,2022-03-23 13:19:23,academia,"water-resources,hydropower,flood-modeling,drought-modeling",male,Germany,22
263,770096dc-681e-48cf-8c83-86fe87358675,2022-03-22 14:06:49,academia,"other,hydrogeology",male,Canada,10
264,7707b4fa-9b43-4c01-80d1-ef8f9221c81b,2022-06-09 02:15:18,academia,flood-modeling,other,Australia,20
265,7735a32a-924b-4468-8e35-51a387da8df8,2022-05-23 18:17:51,academia,"drought-modeling,flood-modeling",female,Aland Islands,5
266,7749d4f7-48af-4289-b075-02eec03835cf,2022-03-23 23:57:35,academia,"water-resources,hydropower,drought-modeling",male,Italy,4
267,77c33337-4aeb-4325-be19-145c6bbd462c,2022-03-24 11:39:53,academia,drought-modeling,other,Mongolia,5
268,78024be1-e38d-438d-ab44-c8009b2f4bd6,2022-04-26 20:11:59,industry,flood-modeling,male,Austria,3
269,7813716a-0057-4d92-ad0d-7ab4306c1d91,2022-04-25 15:05:01,industry,water-resources,male,Canada,21
270,7830e5a1-5b2e-4b21-a6a6-2cfeb59c57be,2022-03-24 09:09:14,public-sector,flood-modeling,male,United Kingdom,13
271,7874ca7f-111c-42b6-a3ce-1a4270832ed8,2022-05-04 08:01:37,academia,water-resources,female,Austria,8
272,7a103181-7fba-4030-b3e4-7375eb0ff681,2022-03-30 07:38:57,academia,flood-modeling,female,Germany,9
273,7a5f7c4a-657f-48fd-be7d-e41f94f652b7,2022-04-08 03:44:26,industry,"flood-modeling,water-resources,hydropower",female,United States,12
274,7ba72e19-c152-40c7-8f90-5f11afb6768a,2022-04-02 10:58:05,academia,waterquality,male,Germany,10
275,7bb30986-931c-4ed3-8732-5ab28e86ac8d,2022-04-01 01:10:32,public-sector,"other,Snow",male,Canada,4
276,7c1eab4b-6859-466c-bfdb-b2baeca23fd3,2022-03-30 08:36:20,academia,flood-modeling,male,Switzerland,0
277,7c850c98-6668-471f-a354-e1082b4898fb,2022-03-23 05:56:54,academia,"other,flood-modeling,Sesiment dynamics, geomorphometry",male,Italy,10
278,7c9f0736-1593-4fe9-87a1-8f17fdd1c164,2022-07-08 09:52:44,academia,"water-resources,drought-modeling,flood-modeling",male,Germany,5
279,7cbd487d-e0b0-4a2c-ba30-0aada45c4c1c,2022-03-29 23:24:15,industry,"water-resources,consulting",male,United States,3
280,7d97e090-e03b-4b46-a1c9-2cad019bca32,2022-04-03 20:23:49,academia,"drought-modeling,water-resources",male,Turkey,1
281,7db18f82-4ec2-4bd4-ad6e-277294ab12d1,2022-03-28 08:27:35,academia,"flood-modeling,drought-modeling,water-resources",other,France,20
282,7e7c0a69-0577-4def-a1cd-11c50a0f1c69,2022-03-22 11:53:57,academia,"water-resources,waterquality",male,Denmark,15
283,7eb9b0a0-0b22-4b98-a1e9-599474f46d6e,2022-03-24 15:26:23,academia,"water-resources,hydropower,other,Climate change impact",other,Switzerland,5
284,7f15b51e-c187-4834-96bd-5e76f544c875,2022-03-23 13:18:16,academia,waterquality,male,France,5
285,7f59142b-d415-490b-a77d-f7dcf42060b1,2022-03-22 12:35:31,academia,"consulting,drought-modeling,water-resources,hydropower",male,Finland,7
286,7f8b44a7-ee45-4b6e-8223-feccdf9e00e0,2022-04-01 17:22:20,academia,water-resources,male,Canada,22
287,7f8b7efa-919d-4e2f-a53d-77e4e8e28114,2022-03-24 10:45:57,academia,"other,верваорао",male,Russian Federation,1
288,7fed57e9-b511-4e88-a456-45fbc4ccfb1f,2022-03-23 00:15:31,public-sector,flood-modeling,male,Japan,10
289,80052777-f69c-4ef2-839f-98ef683a5ff0,2022-03-23 07:14:09,academia,"drought-modeling,flood-modeling,social-sciences",female,Switzerland,3
290,80cbd992-603f-474b-95e2-97346b1eaea2,2022-03-28 08:42:27,public-sector,"other,unemployed at the moment",other,Netherlands,8
291,80d9e28b-a74d-42a3-b586-8e7ed24761de,2022-03-24 14:39:45,academia,"social-sciences,water-resources,flood-modeling",female,Italy,7
292,812d5d4f-86dd-4f87-a3a8-1e23a813198d,2022-03-24 09:20:01,public-sector,flood-modeling,other,United Kingdom,20
293,824956b5-35e8-4971-aee9-36ca8afda20b,2022-03-22 14:35:25,public-sector,water-resources,male,Canada,10
294,824a7365-1d9b-42f5-bcff-084f25ec86e5,2022-03-27 18:24:08,academia,"flood-modeling,water-resources,waterquality,hydropower,consulting",male,Bangladesh,3
295,8252e9ce-45a6-4738-8bab-45c9c02cb277,2022-03-25 20:48:06,industry,consulting,male,Italy,10
296,834fef63-3f4c-4ee8-b781-ca0303f9d462,2022-03-24 15:38:30,academia,flood-modeling,male,Zimbabwe,10
297,83598f84-42f4-45e0-af48-d522c70f3d53,2022-03-22 14:54:47,academia,"flood-modeling,water-resources,hydropower",male,Canada,15
298,838aaa4f-7eaf-4cdf-87f8-82279af88156,2022-06-09 02:15:22,academia,flood-modeling,male,Australia,2
299,8416adf4-0f4e-4342-a3cc-ee814059a115,2022-07-06 21:49:32,academia,waterquality,female,United States,14
300,8432e28d-d36f-44e1-b5d2-57618845793c,2022-03-23 02:27:50,academia,"water-resources,flood-modeling,drought-modeling",female,United States,8
301,848394d7-eb76-43c6-93f9-0854d3316a9e,2022-05-17 20:05:09,industry,"waterquality,water-resources,consulting",male,Canada,8
302,84e04e18-c939-4810-9021-a7857a16cd7f,2022-05-24 11:38:57,academia,water-resources,male,Australia,23
303,8537ca4b-bb46-4157-b111-fc8efef5957d,2022-07-06 14:22:02,industry,flood-modeling,male,Israel,0
304,85c5dadf-bd52-456e-afe4-c1fc9d42f5ff,2022-04-08 19:10:43,public-sector,"flood-modeling,drought-modeling,water-resources,hydropower",male,United States,15
305,85c924e8-a88b-45f7-9ea7-1203c8ad4d1a,2022-04-06 13:57:43,industry,"water-resources,hydropower",male,Canada,2
306,862ac0dc-8f5a-455f-b7fc-defa0efdc91b,2022-03-26 09:08:26,academia,waterquality,male,Italy,1
307,865b2131-0e25-4dfe-971c-c4cb8807b0f2,2022-03-22 22:44:38,academia,"water-resources,waterquality,social-sciences",male,Sweden,5
308,86712b31-b60b-4860-bd41-bd0ce420da3e,2022-04-05 17:08:07,industry,hydropower,male,Canada,10
309,86c09e68-4337-4679-a8e5-92e9c847cd83,2022-04-12 14:46:51,academia,flood-modeling,male,Italy,15
310,873d5480-e144-4d55-bb86-c558fd11b2d0,2022-04-06 07:20:12,academia,hydropower,other,Austria,2
311,87ad738f-94d4-4341-b93a-dc9d1ae7989d,2022-03-23 23:56:27,academia,"flood-modeling,water-resources",male,Bangladesh,5
312,87fc5025-1323-4fe2-9dc4-6f69d239e460,2022-05-24 08:46:34,academia,water-resources,male,Netherlands,5
313,88d8f853-fbdd-4cbe-b622-bd5089987848,2022-05-20 19:55:19,academia,"flood-modeling,water-resources,drought-modeling,consulting",male,Spain,15
314,89781a87-53ba-44f1-858e-56dac6def44b,2022-04-25 15:47:48,industry,"flood-modeling,drought-modeling,water-resources,hydropower",male,Canada,8
315,8a0a2a46-141a-4486-a7d0-18b331f71d32,2022-03-22 11:40:34,academia,"other,Hydrology",male,Netherlands,10
316,8af762dd-e860-4a8a-8ae0-171a0324502a,2022-04-07 15:21:40,industry,flood-modeling,male,Israel,4
317,8afe0f59-d6f5-45f1-8790-f4594e340ad7,2022-03-23 07:21:33,industry,"other,Roads and drainage",male,Germany,4
318,8b34b752-d3c1-4553-9de4-072caf741436,2022-04-27 19:34:23,public-sector,"water-resources,flood-modeling,drought-modeling",female,United States,10
319,8b3b649a-d4c0-4898-b56c-16146a03bad7,2022-03-23 16:08:09,academia,waterquality,male,United States,6
320,8bcd77ab-8123-4575-8492-037116ad7a4b,2022-03-22 15:32:28,industry,"flood-modeling,water-resources,waterquality,consulting",male,Colombia,15
321,8ca777c1-1e48-4f53-9ddf-5bcf028fbcd0,2022-03-22 13:37:35,public-sector,"flood-modeling,drought-modeling",male,United Kingdom,22
322,8cd1d069-cd7b-4c50-b9d0-1a7ef0ed08f7,2022-06-21 23:23:31,industry,flood-modeling,male,Australia,2
323,8cec2428-688a-4a23-ba9d-0cd5c8211dad,2022-03-22 11:56:22,academia,"flood-modeling,water-resources,waterquality,hydropower",male,Austria,15
324,8da232e5-13ae-47d6-bf67-85bec90239c7,2022-03-23 20:10:02,academia,flood-modeling,male,Greece,4
325,8e6476ff-6fb2-4a93-a824-9816e057b4d7,2022-03-24 10:13:59,academia,flood-modeling,female,Morocco,4
326,8ea26b30-335d-42fb-8b01-e5424b0c149a,2022-03-24 01:39:50,academia,"flood-modeling,drought-modeling,water-resources,hydropower",female,Canada,20
327,8f1e3e52-a051-4b88-9b88-833efb2dfb04,2022-04-20 16:09:27,public-sector,"flood-modeling,water-resources,waterquality,hydropower",male,United States,12
328,8f8de12a-1f61-459a-9735-91452f2a82e8,2022-03-25 08:38:01,academia,"drought-modeling,flood-modeling",male,Switzerland,25
329,8fad61b5-774c-422b-a7bb-e8e9937dfe9f,2022-07-06 16:10:25,academia,flood-modeling,male,United States,8
330,9020baa8-c147-4855-8a6b-672ed28b5dec,2022-03-24 10:03:16,academia,"flood-modeling,other,Statistical Flood Frequency",other,United Kingdom,5
331,905247c7-9729-4cab-b9b9-be74f23fcc0d,2022-04-14 09:10:20,academia,"flood-modeling,drought-modeling",female,France,1
332,907423d0-38cc-4b03-b0d3-867139482ab1,2022-03-24 05:40:41,academia,"flood-modeling,water-resources",male,Italy,15
333,91455f7b-4439-47b9-b137-9ba5865c2779,2022-07-06 16:35:54,academia,drought-modeling,male,United States,7
334,91479104-f2a2-4538-a4ff-2fb615d04ac6,2022-04-04 10:26:31,academia,flood-modeling,male,United Kingdom,3
335,915b8fb1-49ef-4439-8a24-3aadcff46ace,2022-04-05 16:03:26,public-sector,"hydropower,flood-modeling,water-resources",other,Canada,38
336,915bc45d-120d-49d8-9943-ad755f4c565e,2022-05-24 09:17:28,academia,"flood-modeling,water-resources,hydropower,consulting",female,Serbia,13
337,91be371f-3481-4265-bafb-49a709dd3673,2022-03-22 11:58:39,industry,"flood-modeling,hydropower,consulting",male,Chile,8
338,9242f9b4-3e88-4ad5-9fa3-9c405c0b874c,2022-03-22 21:24:35,academia,"waterquality,water-resources,flood-modeling,drought-modeling",male,United States,2
339,92c5beea-6d39-44da-be51-2989c5a0790f,2022-03-24 16:58:18,academia,flood-modeling,female,Italy,10
340,938b6795-513e-4697-8d58-f5dabeb695a6,2022-03-22 14:53:20,academia,waterquality,male,United States,7
341,93f285ab-be34-41c0-97ad-e86bae22dafe,2022-03-22 11:47:52,academia,"flood-modeling,drought-modeling",other,Switzerland,24
342,94cb1da9-cb0d-4dce-beea-cc6492b559c7,2022-04-29 17:44:03,academia,"flood-modeling,drought-modeling,water-resources",female,United States,3
343,94d40bf8-fa58-4fe9-9430-5fc2968bada9,2022-04-07 08:08:07,public-sector,"flood-modeling,water-resources",female,United Kingdom,10
344,958f89b5-bda5-4380-8c01-9f8ebe7a2ed7,2022-03-22 21:24:37,academia,"water-resources,waterquality",male,United States,5
345,976acd1b-32bf-4e36-80e2-837049b80d66,2022-03-22 11:43:30,academia,flood-modeling,male,India,3
346,976f41af-9c7f-4f11-aa60-9919f49b2d56,2022-03-22 20:03:23,industry,consulting,male,Canada,4
347,97a9426d-6c21-4f3f-b9bd-a0451f691541,2022-03-24 08:02:29,industry,flood-modeling,male,Russian Federation,15
348,97f6579d-07d9-4cdd-a4d3-d99615602253,2022-03-22 13:52:25,public-sector,"flood-modeling,waterquality,hydropower",male,Sweden,10
349,97f7341e-22c8-4b0d-90e2-7a3e66cd5a2c,2022-04-28 12:15:10,academia,"other,climate extreme modelling",male,Switzerland,0
350,981908bf-4586-41fa-bd8a-0b3f05ed67a7,2022-03-23 23:15:33,industry,"flood-modeling,water-resources",male,Morocco,4
351,9829b45b-db06-4da4-bed7-818a47bf29f5,2022-03-24 07:32:12,public-sector,"water-resources,waterquality",female,Austria,13
352,98501b03-64e5-4583-8114-77bc7dd1cc87,2022-03-22 14:36:03,academia,"flood-modeling,water-resources",female,Canada,6
353,987cbf07-3b81-4e68-b5a8-3205ba459f22,2022-04-04 07:39:52,industry,"flood-modeling,waterquality",other,United Kingdom,3
354,98960ca9-bd33-4079-943f-e3c81ba98fc1,2022-03-22 19:57:19,academia,"water-resources,waterquality,drought-modeling,flood-modeling,consulting",male,Netherlands,34
355,98b120e4-a975-40a1-8cd0-5933ca607617,2022-06-07 12:49:42,industry,"water-resources,hydropower",female,Canada,3
356,99a867b7-3301-4ec7-9a0b-23d4213d0e82,2022-03-24 13:57:24,academia,waterquality,female,Uruguay,5
357,9a17c906-4261-4182-9e72-07fd882713e9,2022-03-22 15:10:57,academia,"flood-modeling,drought-modeling,water-resources,waterquality,hydropower",male,United States,45
358,9a1e58ba-492f-407e-916c-5047285f2d4d,2022-05-02 20:07:23,public-sector,"flood-modeling,water-resources,hydropower",male,Croatia,12
359,9af8c624-6c7d-448c-8c82-3d48aeace609,2022-03-23 06:47:46,academia,waterquality,other,Spain,33
360,9b113f2a-1fa0-4ec1-8d2d-ebce8ad63c49,2022-03-22 22:44:36,academia,waterquality,female,Canada,15
361,9baa32b9-0655-4935-b66d-d9a5533dd371,2022-03-24 00:57:36,academia,"drought-modeling,water-resources,waterquality",male,India,1
362,9babe1b7-6dfa-4606-82a5-0ba464904254,2022-07-07 03:40:36,academia,flood-modeling,other,United States,6
363,9bcc7c5d-3a13-40f7-9ebb-e81cc242bf1c,2022-03-25 03:21:41,academia,flood-modeling,other,Japan,3
364,9c4a8304-53d2-42fc-ad3d-2d45575902a7,2022-03-24 16:38:16,academia,flood-modeling,male,Italy,20
365,9c50aae3-b2b0-4023-b983-9a44128e5061,2022-03-22 14:04:38,industry,"flood-modeling,drought-modeling,consulting",male,Belgium,12
366,9cc6fc44-63b9-430c-a28d-3c2b6a4d6efe,2022-03-24 10:10:17,public-sector,flood-modeling,male,United Kingdom,17
367,9ccf5f40-d768-479f-a91a-8c59484ecbf5,2022-05-29 10:07:02,public-sector,"other,I have no Expertise!",male,Austria,0
368,9cd5e5db-9787-4a91-b25f-a203b5a7f5fe,2022-04-02 14:25:41,public-sector,"other,Hydrologic tech",female,United States,5
369,9d3fba62-4533-4cc7-8ab9-8483ffe40abe,2022-03-22 21:05:27,academia,flood-modeling,male,United Kingdom,3
370,9d92ad62-7c2a-4e95-8656-3bad0dd697b6,2022-04-14 14:25:33,public-sector,flood-modeling,other,Canada,3
371,9e15a270-6b3d-455b-96e1-407ceea9b7a9,2022-03-22 21:12:29,public-sector,"flood-modeling,water-resources,hydropower,consulting",male,Costa Rica,10
372,9e2fc891-c47a-4f00-9e81-54170d561871,2022-03-24 07:37:28,academia,"flood-modeling,drought-modeling",female,Italy,3
373,9e9f6f68-b0da-4abd-b0ce-eca46bb62401,2022-03-22 21:26:22,industry,flood-modeling,male,United Kingdom,20
374,9ffc4d68-8c72-4e66-ba86-84d72fba033d,2022-03-24 09:34:52,public-sector,"flood-modeling,drought-modeling,water-resources",male,Italy,20
375,a01c1749-caa9-42c3-865a-68715f4b7b4f,2022-03-24 06:52:12,academia,flood-modeling,male,United States,20
376,a05f2b1d-90ab-454b-978d-b8653a216cc1,2022-04-12 07:20:40,industry,hydropower,female,Sweden,8
377,a0a90c31-41e4-4906-9501-d9b17763c284,2022-03-23 03:24:58,industry,"consulting,flood-modeling,water-resources",male,Canada,21
378,a0c67ff6-67b8-4bd1-8056-09b012f1587f,2022-03-22 13:07:20,academia,flood-modeling,other,Canada,10
379,a1410a08-e85c-4aa8-9532-e268f531c178,2022-03-24 11:19:16,academia,"flood-modeling,drought-modeling,hydropower,social-sciences",female,France,20
380,a1b49365-0c47-45b0-a48e-53172df9d700,2022-03-24 04:37:09,academia,water-resources,male,United States,12
381,a30bcecf-1e06-47fa-96f3-2dd9e0348257,2022-03-22 15:33:45,academia,waterquality,male,France,8
382,a3139454-508c-4417-87cb-ef8997fe77df,2022-07-07 13:30:04,academia,"drought-modeling,flood-modeling",female,Italy,3
383,a31b077d-b756-4247-95ca-8d53b6b348aa,2022-04-12 04:41:09,industry,hydropower,male,Sweden,20
384,a44d56a1-aa0d-417d-8adf-9c7bd0d94e69,2022-03-29 12:24:48,academia,"hydropower,water-resources",male,Italy,4
385,a5005b6f-6f22-42c6-aabb-fcaec3d64dac,2022-04-27 02:18:41,academia,"flood-modeling,water-resources,waterquality,drought-modeling",other,Australia,20
386,a50606ff-a479-4a63-a8ff-d07b6e004d16,2022-03-23 16:31:24,academia,flood-modeling,male,Germany,10
387,a5519dfc-58c8-4ee4-8f6f-4a6ea8d02730,2022-03-24 13:35:07,academia,waterquality,male,United States,25
388,a56bd44e-e7a7-4c09-a0a0-bbc202702bc4,2022-03-25 15:05:28,academia,"flood-modeling,drought-modeling,water-resources",male,China,5
389,a56ed765-f9bb-47f0-97e2-6244ed227112,2022-03-22 17:54:42,public-sector,flood-modeling,male,Spain,15
390,a5d2aeec-7f69-4d66-bac1-c6a6b95d2968,2022-03-23 02:36:13,academia,"water-resources,flood-modeling",male,Colombia,5
391,a64d5b8d-4a39-44d9-90e3-edef41b22635,2022-03-23 20:56:36,public-sector,flood-modeling,female,Croatia,15
392,a67ca038-7f4d-45c1-b4ef-bf1be697b711,2022-07-06 21:03:22,academia,"flood-modeling,water-resources",male,Greece,10
393,a68a0e75-a17b-4e6e-8460-5b2ecb47fb4e,2022-05-24 08:29:00,academia,"flood-modeling,drought-modeling,water-resources",male,Germany,1
394,a6b0df17-769c-4b35-954e-549850e66103,2022-04-27 12:05:39,public-sector,"flood-modeling,water-resources,consulting",male,Luxembourg,5
395,a6ee3c16-5df1-4192-b3f0-42f9af46e52c,2022-03-23 23:13:39,academia,"flood-modeling,other,permafrost",female,Russian Federation,20
396,a6f043e4-e3c0-4005-8da9-5342aeee0973,2022-03-24 00:37:39,academia,water-resources,male,Brazil,22
397,a76b2689-0f0a-4dd0-aa75-ba11914799f2,2022-03-22 12:23:40,public-sector,"other,Habitats",male,United Kingdom,2
398,a7dbdb6f-fb50-434b-a6ec-a2b34f6f6daf,2022-04-08 13:25:33,industry,consulting,male,United States,0
399,a8374baf-5c21-4f56-88a9-8c59e1e51c9c,2022-03-25 10:06:22,public-sector,"water-resources,flood-modeling,drought-modeling",male,Switzerland,20
400,a86a4761-f9a7-441a-a8d1-0047f06ef7d6,2022-03-25 11:29:27,academia,flood-modeling,male,India,3
401,a87aa7d4-34b5-4d55-b99c-a4a202f5e1ae,2022-03-24 08:10:25,academia,"other,Hydrology",other,Portugal,30
402,a88315e2-1cff-4412-a6e5-423d47d6d5c9,2022-03-22 19:13:58,academia,"other,Hydrology",male,Austria,11
403,a89918fc-9407-41e3-9281-c4d65be17b91,2022-03-24 09:47:57,public-sector,flood-modeling,female,United Kingdom,24
404,a90b8fe6-7337-42f7-94d6-a2258c223977,2022-03-28 12:41:51,academia,"flood-modeling,drought-modeling",male,Brazil,15
405,a9298979-56d1-41f5-b3db-338074020f77,2022-03-27 22:50:08,academia,flood-modeling,other,United States,3
406,a940f2c0-55d0-4970-a63a-dcb853581563,2022-05-05 10:58:47,public-sector,flood-modeling,male,United Kingdom,15
407,a9db0bd2-23a6-4c70-a031-c5d5870f61b6,2022-04-29 17:44:00,academia,"flood-modeling,drought-modeling",male,Peru,1
408,aa47ec5a-504b-4c7c-958f-440e305e7367,2022-04-06 09:22:59,industry,flood-modeling,other,France,10
409,aa65b728-77a3-4a77-b6fd-3acc13e6d2d0,2022-04-01 03:16:19,academia,"other,hydroclimatology",female,Colombia,8
410,aa777ab5-42a5-4667-9014-3e28fa3f75e0,2022-03-22 20:07:17,academia,"other,Groundwater",male,United States,12
411,aabf8695-dbfb-407e-bcea-baf273ff4df2,2022-03-24 02:14:12,academia,flood-modeling,other,India,5
412,ab592b00-7c35-40d6-bb1f-080c8b285823,2022-03-24 11:46:33,public-sector,flood-modeling,male,United Kingdom,8
413,aba32412-3889-4011-9e9c-c68aadd44cd4,2022-03-22 20:32:19,academia,"flood-modeling,water-resources",male,United Kingdom,20
414,abf9bfca-2bfc-4ecf-baa8-a68fda3b57ca,2022-03-22 15:47:11,academia,"drought-modeling,water-resources",male,Italy,4
415,ac39df5f-e8a6-4c2c-97d4-de3fe87afe52,2022-03-23 14:02:57,academia,water-resources,male,United Kingdom,20
416,ac8bf531-02d3-41f7-9ac0-8ccd8bd25f85,2022-03-23 18:08:55,academia,water-resources,male,Viet Nam,5
417,ad45fdb4-777e-44dd-aa1a-62746f3d3970,2022-03-24 19:14:17,public-sector,flood-modeling,female,United States,23
418,adbc8cc2-e41d-486a-9404-36b1e6de405e,2022-04-01 00:46:50,public-sector,"water-resources,hydropower,drought-modeling,flood-modeling",male,Canada,30
419,ae4d40f2-995a-453d-9e7f-5b72465ea939,2022-03-23 23:29:48,academia,"other,vadose zone",male,United States,35
420,ae52fe78-37a5-48fc-a880-3ceed9d77119,2022-03-24 10:34:12,public-sector,flood-modeling,male,United Kingdom,30
421,aede9a49-9da0-45f6-983b-8e87dfe99e81,2022-03-23 17:37:05,academia,"flood-modeling,Insurance,social-sciences",female,Germany,3
422,af2f7448-b03c-4af1-879c-23f87ff09137,2022-03-28 07:14:47,academia,"other,climate / model evaluation",male,Australia,16
423,af4cc557-3708-4c73-a8c3-3f0d913bb4fa,2022-03-22 15:23:29,public-sector,"water-resources,flood-modeling",male,Canada,25
424,afbdcf11-5599-4e46-9a5e-9ea024dfef79,2022-04-04 14:26:51,industry,"water-resources,hydropower",other,Canada,8
425,afd4ac31-534d-4bf2-be23-97880205f2f7,2022-03-16 19:15:03,academia,"flood-modeling,consulting",male,American Samoa,1
426,b05a3c89-0441-489a-946c-18d1b2277458,2022-03-24 08:15:35,public-sector,drought-modeling,male,Germany,15
427,b13fc327-48d0-4b9c-9a2c-5b0153e606b6,2022-03-23 18:05:12,academia,"other,drought-modeling,Ecohydrology",male,United States,16
428,b15194a3-788e-44e9-9172-198115cc1a17,2022-03-25 09:56:27,academia,"other,Hydrological regimes",male,Switzerland,4
429,b1553026-b0a4-49f6-b224-f0cc56e5ca1e,2022-03-22 22:30:56,academia,"other,global climate",female,Canada,8
430,b24fcdc5-ec56-4eb0-b8b9-d98ceaf1040d,2022-03-30 11:45:06,academia,flood-modeling,male,Congo Democratic Republic of the Congo,5
431,b31ad678-f938-4799-9c2e-01aaa9869942,2022-03-23 16:35:54,industry,"flood-modeling,water-resources,waterquality",male,United States,11
432,b345d4e5-0b73-4821-9f4e-d0151119733f,2022-03-22 23:37:49,public-sector,flood-modeling,male,Thailand,10
433,b3da342e-459e-430c-804a-e1565af68242,2022-03-23 15:30:15,academia,"flood-modeling,drought-modeling",male,Canada,5
434,b458a363-b6ed-4585-8b97-83e100425b03,2022-05-24 04:41:45,academia,flood-modeling,other,India,4
435,b4d68df4-1e62-4bb2-9abd-2b1a06320533,2022-03-22 22:56:25,academia,water-resources,male,Brazil,2
436,b5598233-9aa0-4875-a6bb-50ef250218c4,2022-03-27 02:24:41,academia,"flood-modeling,water-resources,hydropower,consulting",male,Canada,7
437,b58b7cdb-3fa7-4cd3-bcac-00b6bf476aed,2022-03-29 08:50:42,academia,flood-modeling,female,Switzerland,1
438,b6b385fc-8283-4155-9ce2-574a2e82b150,2022-03-22 15:35:02,public-sector,"flood-modeling,water-resources",male,Canada,10
439,b6b816d3-94e3-4c1e-9621-62c95b5916e8,2022-03-24 09:24:16,public-sector,drought-modeling,male,Italy,8
440,b6c17216-2dfd-48a7-8d1a-f39c98d5c12b,2022-03-25 06:28:49,industry,"flood-modeling,drought-modeling",male,India,10
441,b76a982b-9ac1-4ada-b421-44361776f65a,2022-03-28 07:55:23,academia,flood-modeling,female,Germany,7
442,b81a7ab1-8c83-4df2-af99-242b8bf6fde1,2022-05-24 08:46:56,academia,waterquality,female,Portugal,4
443,b843dddf-46d4-4c9b-82a1-9c7d33d51816,2022-03-22 18:19:28,academia,water-resources,other,India,2
444,b8aad713-e786-40c9-97f8-48802069d9fc,2022-05-16 15:43:58,academia,flood-modeling,female,Canada,0
445,b9a8ea3a-247a-4817-8359-be0391fdb29c,2022-03-30 07:47:00,academia,flood-modeling,female,Italy,2
446,ba2c6209-ee95-4ba0-b95a-ab131c62ca52,2022-03-23 19:18:57,industry,"drought-modeling,water-resources,waterquality",male,United Kingdom,20
447,bae912e4-5bf0-4798-8d2a-9b4d88097b66,2022-03-23 06:25:06,academia,flood-modeling,male,Japan,6
448,baec90d5-1f63-46d7-8181-ac3602e02704,2022-03-23 13:20:56,academia,"flood-modeling,other,Land surface science",female,United Kingdom,8
449,bbe9b80d-c508-4fcb-a943-e9fb41170f60,2022-04-29 07:30:52,public-sector,water-resources,male,South Africa,20
450,bc0b0df1-1cfc-4828-8611-ca42bd039bf6,2022-03-22 22:32:15,public-sector,water-resources,male,United States,8
451,bc17e82d-e9ea-4a19-b543-44d51199f509,2022-03-24 14:45:59,academia,"flood-modeling,water-resources",other,India,7
452,bc289ba7-efde-4ba1-a3f6-ebe2aec93d69,2022-03-22 23:07:20,industry,"flood-modeling,drought-modeling",male,United States,2
453,bc83e31e-f599-4252-91c5-96c3589f6157,2022-03-24 10:58:43,academia,water-resources,male,Switzerland,10
454,bcd8a51f-2ba4-429f-be64-e6ed81ed54f0,2022-04-29 23:35:14,public-sector,waterquality,male,United States,15
455,bd012a69-ad9a-4725-bcdb-16d4ebcf7dcc,2022-03-22 12:07:58,public-sector,flood-modeling,male,United Kingdom,8
456,bd18a01b-b0f5-4d1a-ae7d-3a4859e21171,2022-05-24 06:07:51,public-sector,flood-modeling,female,Slovakia,5
457,bd48f5af-e689-4ac3-b652-797127bc2dbb,2022-03-23 05:45:14,public-sector,"flood-modeling,water-resources",male,Finland,12
458,bd58897e-ab58-4120-bd52-825644228774,2022-03-22 20:58:08,academia,"flood-modeling,drought-modeling,water-resources,hydropower",male,Netherlands,20
459,bd6577b0-8d9b-4a79-ba13-d6287a94dee6,2022-03-28 07:01:46,academia,water-resources,male,Switzerland,4
460,bd82b749-8e96-4249-9d5a-6dc74f084212,2022-03-22 23:44:10,industry,"other,Hydroinformatics",female,United States,7
461,be2a922a-c066-4340-a118-043ffbe5abed,2022-04-18 16:09:59,public-sector,"flood-modeling,water-resources,waterquality,hydropower,drought-modeling",male,United States,17
462,be40c512-8cd1-467e-95bd-de75ab20da9a,2022-03-28 09:40:32,academia,flood-modeling,female,Germany,4
463,be7eb37b-f5f6-47e3-a559-5e54cc17f454,2022-03-24 09:03:06,industry,"flood-modeling,drought-modeling,water-resources,hydropower,consulting",male,France,20
464,be8d3e82-596e-4d77-a388-c34cb67579e7,2022-03-23 08:00:47,academia,water-resources,male,Australia,10
465,bec7b660-81e0-4ada-ac72-57f5e0b7724b,2022-03-25 06:00:26,public-sector,"flood-modeling,water-resources,hydropower",male,Italy,20
466,befe52cb-1a87-452c-a2e6-9c557199f603,2022-03-25 06:05:23,industry,drought-modeling,male,Italy,20
467,bf0f4a52-a3b9-4b67-aec2-3b3ce22a1a38,2022-03-24 10:39:14,industry,"consulting,water-resources,hydropower",female,Italy,1
468,bf329148-dd95-49c4-bcaf-2ef45268a3b3,2022-04-30 00:22:28,academia,"drought-modeling,other,Stream ecology",male,United States,5
469,bf3f7cea-24ea-4048-847a-607c6ff60dba,2022-05-23 17:20:53,industry,flood-modeling,male,Israel,3
470,bf8c7251-80dd-41e6-90ac-ba7c9b545000,2022-03-27 22:35:42,academia,"drought-modeling,water-resources",female,United States,3
471,bf8e2f16-a7ee-4d24-835a-f41320f8d5d3,2022-03-23 20:15:03,industry,"flood-modeling,water-resources,drought-modeling",other,Taiwan Province of China,10
472,bfa7961d-891f-45b5-a7a0-74e8c8472b34,2022-03-24 15:08:37,academia,"water-resources,waterquality",male,Germany,14
473,bfaeb732-bf35-4f68-a269-a712d8ae8759,2022-04-04 13:46:37,public-sector,water-resources,male,Canada,6
474,bfe6a0a5-6a42-486e-9c83-6b60272ee2f1,2022-03-22 14:29:11,public-sector,"flood-modeling,water-resources",male,Switzerland,12
475,c0d270fc-cbcf-41d3-b26c-ea96d79f8540,2022-03-22 12:08:50,academia,flood-modeling,male,Germany,4
476,c120c00b-2868-4738-8acf-cd252e71c21e,2022-06-29 11:47:02,academia,"other,ecohydrology",female,Switzerland,14
477,c198ca50-1368-4fd0-a423-439944a63bb1,2022-03-22 11:54:29,academia,"water-resources,waterquality,social-sciences",female,Sweden,10
478,c1c79115-a4e5-4ef7-9590-b99f6a589ee0,2022-04-18 10:56:50,academia,water-resources,female,Germany,15
479,c1c9341f-1f70-4ade-9838-eb5012a7facc,2022-03-23 10:25:27,academia,"flood-modeling,drought-modeling",male,France,12
480,c2a1f640-4f27-40c6-9048-edfecff81b81,2022-07-20 08:10:56,academia,"drought-modeling,flood-modeling,water-resources",male,Viet Nam,5
481,c2a2a5f7-641c-4f4d-b265-c63197985833,2022-04-05 17:43:23,academia,"flood-modeling,drought-modeling",male,Canada,5
482,c2a9c35a-95c8-4d5c-ab22-43d269d27a59,2022-05-17 16:25:16,public-sector,flood-modeling,other,Canada,20
483,c37e3771-2f32-4588-8459-1b8e17318416,2022-04-01 17:33:15,industry,"hydropower,water-resources",male,United States,4
484,c3d74b64-95b9-40cd-96d8-c41027c4e202,2022-03-24 07:33:29,academia,drought-modeling,male,China,6
485,c4245cbf-a346-4c39-89eb-8d0133be1f85,2022-03-24 09:29:35,academia,"waterquality,water-resources",male,Ireland,4
486,c44875ee-6cc0-4269-9f15-8cfe2bd7df4b,2022-03-23 10:23:52,academia,water-resources,female,Germany,5
487,c4ff67ac-6b85-4e92-9551-76a6e0d1899b,2022-05-24 14:45:04,academia,waterquality,female,Canada,4
488,c5a7e471-75c7-4a18-883c-3728bbc61833,2022-03-24 09:22:57,public-sector,drought-modeling,male,Italy,7
489,c6301616-079e-4fbb-9e04-48044278975b,2022-03-24 08:23:50,academia,"flood-modeling,water-resources",female,Germany,9
490,c6344813-0eef-413f-8776-d1f86be10a62,2022-03-22 21:42:52,academia,flood-modeling,female,United States,14
491,c669c23c-8c62-4ae7-b523-c47353595f99,2022-03-23 11:35:29,academia,"flood-modeling,drought-modeling",male,Brazil,26
492,c749909b-1f2d-42c5-8946-53c2a870def9,2022-03-22 21:34:25,public-sector,"water-resources,waterquality,consulting,other,hydropower,recreation",male,United States,20
493,c792712d-49cc-4539-9c20-5d4263306076,2022-03-23 23:50:52,academia,water-resources,male,United States,55
494,c8600b6f-87aa-45e3-a564-fd98dbbfaadf,2022-07-06 17:35:38,academia,"waterquality,other,Hydroecology",female,United States,8
495,c882d950-ec7e-4ac6-80db-ac0853e0ca2c,2022-03-23 19:44:39,academia,"other,Hydrological monitoring",female,Germany,6
496,c887a99f-aa21-4b2b-bcbe-20b6bc983030,2022-06-21 23:38:14,industry,flood-modeling,other,Australia,1
497,c9266796-631e-4c3d-b202-9c499d1121a7,2022-03-23 12:05:57,academia,"flood-modeling,drought-modeling,water-resources,waterquality",other,Switzerland,21
498,c9763c50-ff2f-482e-8c82-42753c81ba28,2022-04-06 19:39:10,academia,"flood-modeling,water-resources",male,United Kingdom,4
499,ca3d1b12-21e4-475c-ad8c-248a70ba7f12,2022-03-23 21:30:58,academia,"flood-modeling,water-resources",male,Germany,15
500,ca62c51e-60a1-439d-b8d7-27a5d152bc54,2022-06-21 23:16:00,industry,flood-modeling,other,Australia,2
501,cb046e8d-7265-429a-a36d-66b492e77ae2,2022-04-27 02:51:46,academia,"flood-modeling,consulting,water-resources,other,NbS",female,Australia,8
502,cb8a592a-680e-45f7-984a-38573a7e9b5c,2022-03-23 07:50:00,academia,"water-resources,other,Water resources modelling (ie not focused on flood ou drought but estimation of resource)",male,France,35
503,cbc73340-8bed-468a-ad4b-79c9c2671097,2022-04-01 11:12:38,academia,water-resources,male,Nepal,6
504,cbce29c6-adbe-48e4-ab9d-7040e2f17763,2022-04-29 00:54:02,academia,"drought-modeling,other,water-resources,Hydropedology, ecohydrology",male,Brazil,7
505,cc0a915b-958a-45f6-9635-995e95fa0855,2022-03-22 14:39:43,academia,flood-modeling,male,Italy,1
506,cc282b22-3676-4eae-9161-eb36e426a10a,2022-05-24 09:08:17,academia,"water-resources,waterquality",male,Denmark,10
507,ccef96d1-86d5-4440-8cc4-574bb494d6b7,2022-03-25 09:55:23,academia,"other,Groundwater modeling",female,Germany,22
508,cd71e5c5-734b-416b-80bf-98168bda4008,2022-03-28 13:59:16,academia,water-resources,male,Germany,19
509,cd815b9e-3d7a-4777-b3cc-a69678bc6ecb,2022-03-22 21:45:23,academia,"other,Seasonal streamflow forecasting",female,Canada,9
510,ce57b8ab-beed-4894-8511-62648a7c8165,2022-03-23 13:56:03,academia,flood-modeling,male,Israel,2
511,ceb8e6b6-016d-4981-a3e3-aac3f70170d3,2022-04-07 20:52:30,industry,"hydropower,water-resources",male,Canada,12
512,cf4c3f4e-4b8f-47ab-97e5-852a15a497c3,2022-03-22 14:57:08,academia,flood-modeling,other,Canada,10
513,cf7fc537-2204-4765-a342-f9c4286dd097,2022-04-05 19:38:59,industry,"hydropower,water-resources",male,Canada,15
514,cf9196e2-59b4-4962-b8ac-a9edec161ffa,2022-04-14 10:22:26,academia,"flood-modeling,waterquality,other,erosion",male,Norway,10
515,cfa74a51-6f47-43ce-8a25-f2c7e5d931df,2022-03-26 09:54:40,academia,flood-modeling,other,Italy,3
516,d05974d2-9024-4e43-b09f-a8c48d32d527,2022-04-20 12:16:29,academia,water-resources,male,Italy,20
517,d0723e5a-39fe-46ab-b173-6d8594bfa406,2022-03-23 15:52:20,academia,flood-modeling,female,France,4
518,d1125605-f2d1-4ff5-b71d-264b172bdc22,2022-03-22 14:00:38,academia,"water-resources,social-sciences",female,Italy,10
519,d14d5c3a-b4fc-4173-9a74-80aa00dfed1f,2022-04-27 00:59:08,academia,"water-resources,drought-modeling,other,Climate change impacts",female,Australia,3
520,d239bf9b-5cf6-4833-bfb7-ab0f69c23e1d,2022-03-25 11:27:50,public-sector,"flood-modeling,water-resources",male,Austria,25
521,d2b7e949-c4b3-42d5-a68d-8ee903326983,2022-04-27 02:03:29,academia,drought-modeling,female,Bangladesh,6
522,d2bf7d64-4f7a-47e9-81eb-a25f9404ebcb,2022-04-07 11:00:28,public-sector,flood-modeling,male,United Kingdom,15
523,d319e11c-1e68-4c53-b699-32082bb223ea,2022-04-26 11:26:33,academia,"flood-modeling,drought-modeling",female,Australia,20
524,d434613d-811f-48a3-9620-6e0438c6f613,2022-03-22 19:17:34,academia,flood-modeling,female,United States,7
525,d515c73e-d94e-4173-bd9f-80b8b3d156a6,2022-03-25 08:38:06,public-sector,flood-modeling,male,United Kingdom,16
526,d569cdac-e170-401c-9017-971efa7e1de0,2022-03-22 21:01:16,academia,flood-modeling,female,Italy,10
527,d5a4833f-3c2a-4cc7-bdd0-82fe493ad88b,2022-07-07 03:51:32,academia,"water-resources,waterquality",male,India,5
528,d61d5f1d-0a84-4c38-9ee7-b33177b5ca86,2022-03-23 02:43:10,academia,waterquality,male,United States,5
529,d6426142-2d1c-4752-8d3a-8ddf79f479ca,2022-03-29 23:06:14,industry,"consulting,water-resources,other,Groundwater",other,United States,15
530,d6eb0912-c695-4311-be4c-6fb0bbd902bd,2022-04-18 16:55:21,public-sector,"flood-modeling,water-resources,hydropower",other,United States,18
531,d71cb8f1-a7a0-490f-a0d4-2c963c11c328,2022-03-23 10:30:24,academia,flood-modeling,female,Germany,2
532,d7e6754d-4527-4249-b863-d4be1201aee6,2022-07-07 12:21:57,industry,flood-modeling,male,Israel,5
533,d7f07689-b621-4f87-81d0-ebbcc6c612e9,2022-03-25 21:03:56,academia,water-resources,male,United States,7
534,d861fb77-cf42-4ee4-aa0e-d1da868d0009,2022-03-22 11:52:54,academia,"hydropower,water-resources",male,India,15
535,d8cc492d-111b-4658-8294-c3423b5c012c,2022-03-22 15:00:12,public-sector,"flood-modeling,other,hydrometeorology",female,Canada,10
536,d8d8f85a-d2d1-4258-8b85-d2f705d86273,2022-03-28 14:46:19,academia,"water-resources,hydropower",male,United Kingdom,5
537,d9b0e882-9da5-4993-ab37-8cd5cf7f99bc,2022-03-29 02:53:02,industry,"flood-modeling,consulting,water-resources",male,Italy,21
538,d9e234fd-2c33-4668-892e-124dcbc46e63,2022-03-22 15:46:00,academia,flood-modeling,female,Germany,8
539,dac56347-7a6b-4b87-a02f-3110fe760c92,2022-04-01 16:07:19,academia,"flood-modeling,water-resources",male,United States,10
540,db2271e1-44a9-4aab-9d42-2a620086ba9a,2022-03-24 13:25:53,academia,"drought-modeling,flood-modeling,water-resources",female,Germany,3
541,db68e527-0701-4472-b867-cb599a17f64d,2022-03-23 10:46:30,academia,flood-modeling,female,United Kingdom,15
542,dc644a22-a2ac-4f29-9d37-1cfc531aabfe,2022-03-23 23:13:07,academia,"flood-modeling,drought-modeling,water-resources",male,Italy,30
543,dc802f2d-64da-4926-901c-ed4bb29d1e69,2022-03-24 18:02:24,academia,"other,Hydrogeology",female,United States,10
544,dc828de1-9eb8-4e56-aa0b-1868806218c9,2022-06-03 13:58:54,academia,flood-modeling,male,Germany,3
545,dcafc4a5-f291-43fe-9e03-19d5f62f19e3,2022-04-29 19:16:24,academia,"water-resources,drought-modeling",male,United States,7
546,dcf44307-393d-4e15-a8d3-07f1cd7b8daf,2022-03-23 03:53:10,industry,water-resources,male,United States,15
547,dd481d64-cc2e-4519-97e8-8625ebc36b9c,2022-03-23 09:23:48,academia,"water-resources,other,General hydrological modelling (not focused on high or low flows)",male,France,6
548,dd887291-275e-48ee-955d-5abc776c6e43,2022-04-06 14:07:47,public-sector,"water-resources,hydropower",male,Canada,4
549,ddcfabe0-467b-4a83-8b06-a3d63e59188f,2022-03-22 15:07:06,academia,waterquality,male,United States,1
550,de1e4878-1086-47ac-abcd-fefd58e5fffd,2022-03-24 07:04:34,academia,"flood-modeling,water-resources",male,Iran Islamic Republic of,10
551,de3645fe-2c0e-4d93-88f6-56336d5de6b5,2022-03-30 14:32:18,academia,water-resources,female,Netherlands,4
552,de796ae1-4e48-4380-934a-f8d7c02ce95c,2022-03-22 11:06:37,academia,"flood-modeling,drought-modeling,water-resources,hydropower",male,Nepal,4
553,df07b2be-f0fe-4368-8c7b-4e023fca3e50,2022-03-23 01:33:00,academia,"water-resources,hydropower",male,Canada,12
554,df80c259-5f7d-40f9-bba1-2ba7bfb42c72,2022-03-23 23:39:06,industry,"flood-modeling,Insurance",male,United Kingdom,15
555,df980741-23c1-46b4-a66b-0fa503f04aef,2022-03-23 05:44:14,academia,flood-modeling,male,Russian Federation,6
556,df9a0a8e-0a01-4847-8fb3-065469ca1d65,2022-03-24 15:17:41,academia,social-sciences,male,Italy,2
557,dfa7ab25-988d-4499-80fc-e25c97717528,2022-05-30 07:18:23,academia,flood-modeling,male,China,5
558,dfb5f7b0-a048-4ab5-85ad-b6ed0f63398f,2022-03-23 10:04:36,academia,"flood-modeling,drought-modeling",other,Italy,14
559,dff1af67-03b3-448f-a7bc-fa5bf58b3ac5,2022-04-11 19:57:42,academia,"water-resources,flood-modeling,waterquality",male,Kenya,1
560,e013d53c-8fc0-4fdf-851b-3a21d89b2acd,2022-05-30 18:27:36,academia,"flood-modeling,other,Cryo-hydrology",male,Netherlands,1
561,e021573a-c34b-4063-8029-bd7d0176cedf,2022-03-23 04:30:49,academia,waterquality,female,United States,1
562,e06e764a-2342-453e-8ab1-c7d8ac1a26a2,2022-04-26 03:16:05,academia,"other,Climatology",male,Canada,20
563,e08167f7-f03b-4a5e-a5d9-6c78183a6e77,2022-03-23 07:18:05,industry,"water-resources,consulting",male,New Zealand,20
564,e14b5895-4499-46ed-b902-dc96057c3306,2022-03-27 09:34:42,academia,"flood-modeling,water-resources,hydropower",male,Austria,30
565,e1d120b1-e2c2-403b-82fe-ad456cd28ee9,2022-03-25 07:52:53,academia,"flood-modeling,drought-modeling,water-resources",male,Germany,5
566,e2c0bdac-d5d0-4fa8-92cc-6cba00bf8b72,2022-03-22 15:05:34,academia,flood-modeling,female,Germany,6
567,e32102f2-b048-4c18-b2f9-8ca7a812fdf7,2022-03-22 19:12:47,public-sector,"flood-modeling,drought-modeling,water-resources",male,Canada,30
568,e336645c-1e74-4549-8630-c4942db33f74,2022-04-01 03:01:52,industry,"flood-modeling,drought-modeling,consulting,water-resources",other,Bangladesh,10
569,e33e5701-e591-427a-906d-6b1e9a73d9d6,2022-03-24 16:17:01,public-sector,"water-resources,consulting",female,Italy,2
570,e3ac30bd-1a83-426e-93a7-5af1f521d3f0,2022-04-18 16:11:27,public-sector,"water-resources,other,waterquality,hydropower,flood-modeling,River Forecast Center",male,United States,9
571,e465d2ce-e49b-4ca3-a663-f44f08d8f98f,2022-03-23 13:14:25,academia,"waterquality,water-resources,other,hydrogeology",female,Sweden,6
572,e4dc9572-e6ee-4ec8-b627-15ebfa76dc09,2022-03-30 19:38:18,public-sector,"flood-modeling,water-resources",other,Italy,5
573,e4ee7262-b60b-41ad-9b76-d0d658f81d24,2022-03-24 09:42:48,industry,"flood-modeling,consulting,Insurance",male,United Kingdom,22
574,e51dbb8e-ca51-4d3f-b9f6-8d84deeebcfe,2022-03-22 20:28:56,academia,waterquality,male,Germany,10
575,e5354742-58e4-4519-b2dd-2bb4d55cd9c3,2022-03-23 00:47:04,public-sector,water-resources,male,Turkey,3
576,e559dd8d-b825-4d9d-9f65-2359e5295690,2022-05-24 22:28:17,academia,"flood-modeling,consulting,water-resources",male,Costa Rica,4
577,e6e9b914-6ef0-46c8-ad69-640188e2b4d7,2022-04-03 13:15:29,academia,"flood-modeling,water-resources",female,Canada,8
578,e71f8b14-8958-411c-b964-e3e0c8419c41,2022-07-19 20:15:28,industry,"other,ML",male,Israel,0
579,e724c32c-0636-454b-99ac-b95a06fa743d,2022-07-06 22:53:34,academia,waterquality,female,United States,8
580,e7bb219b-39d3-4466-9fee-b64acd16847c,2022-03-28 14:27:35,industry,"flood-modeling,consulting",male,United Kingdom,15
581,e7e1415c-dd56-42ea-be16-5efb3809d5ad,2022-03-23 20:56:39,academia,"flood-modeling,drought-modeling",male,Switzerland,25
582,e812d2d9-71ba-4fb3-8ff9-4275689c32a7,2022-03-22 19:33:37,industry,flood-modeling,male,Austria,4
583,e86988cb-3638-483d-9b08-c38264a21547,2022-03-23 03:54:11,academia,"other,ecohydrology",male,Canada,30
584,e8a6cef0-b135-4c5d-b5e4-79eb90449d70,2022-05-24 20:26:51,academia,"water-resources,other,remote-sensing/global water budgets",female,United States,3
585,ea525b0d-8882-486e-9849-288cc6cf5d7c,2022-03-24 18:28:54,academia,"water-resources,other,Education",male,United States,15
586,ea5ec824-7996-4289-816c-8e04a6149e6b,2022-03-24 09:27:56,public-sector,flood-modeling,female,United Kingdom,9
587,ea7905d3-fe73-420e-b567-52d6d2090c85,2022-03-30 10:36:19,academia,"other,hydrological processes",male,Spain,30
588,eabd7eff-a922-49ca-a20f-a69eb304d07a,2022-03-22 21:33:42,academia,"flood-modeling,hydropower",male,Switzerland,20
589,eb529780-fb29-4320-b427-8552c5713085,2022-03-30 21:11:32,academia,"flood-modeling,drought-modeling,water-resources,waterquality,social-sciences",male,United States,4
590,ec212715-fdcc-4e91-b25a-11b8781be7a2,2022-03-22 21:36:27,public-sector,flood-modeling,female,Costa Rica,5
591,ec3ef4b1-dd3b-4693-94a7-0f83cbbf2eb1,2022-03-23 02:53:26,public-sector,"flood-modeling,drought-modeling,hydropower,consulting",male,Costa Rica,10
592,eccb023c-8486-44b2-853b-6f03d270739d,2022-03-24 19:42:31,academia,waterquality,male,United States,6
593,ecd11200-6aef-4f2b-b77e-5b8bdb93feb9,2022-04-29 22:14:18,public-sector,"flood-modeling,water-resources",male,United States,12
594,ed05497b-9c80-4751-99ae-42cbce90283f,2022-03-22 21:48:56,academia,water-resources,male,Germany,20
595,ed3ecd0c-cd3b-4637-bb7b-73aa7a60123f,2022-03-23 10:49:32,academia,"flood-modeling,drought-modeling",male,Netherlands,10
596,ed80f6ee-db6d-4dec-b9db-1c8cbbf765f6,2022-03-23 01:17:55,academia,flood-modeling,male,China,8
597,ede6d6f1-5d29-485c-b4d8-d7ab1811e20d,2022-03-24 07:55:57,academia,flood-modeling,male,Poland,10
598,ee4f81b5-9f20-41f5-978a-64ab47dea613,2022-06-22 01:20:07,industry,flood-modeling,male,Australia,2
599,ef9627cf-1f19-438b-bbf3-30e804898948,2022-05-24 08:24:09,academia,flood-modeling,male,Poland,3
600,f04ddbdf-6743-45e7-981f-49e60dbe6acc,2022-03-23 07:42:06,academia,"other,Global hydrological modeling",male,Germany,7
601,f08e21b8-4858-440e-ad6a-718d6435850b,2022-03-24 09:48:38,public-sector,flood-modeling,female,United Kingdom,12
602,f12a5c13-ccab-4ee1-a7c9-612d5754ae18,2022-03-22 12:13:30,public-sector,"flood-modeling,water-resources,hydropower",male,France,16
603,f1841640-cd09-43ba-a991-c07e391f7ffc,2022-03-24 09:16:16,industry,flood-modeling,female,Italy,10
604,f20bc1db-35cf-413d-bb83-ba5a517e5acc,2022-03-24 11:47:35,academia,"flood-modeling,water-resources",female,United Kingdom,4
605,f2435dfc-866e-4761-975f-2481d20e6b21,2022-03-26 18:36:23,public-sector,"flood-modeling,water-resources",male,Argentina,15
606,f2557e1b-09a4-4224-853e-4679eb0f298e,2022-03-22 21:29:28,public-sector,"other,Water data visualization",other,United States,2
607,f2a457f6-6a2e-423c-911a-1a581c5d4fb6,2022-03-27 18:56:06,public-sector,"drought-modeling,flood-modeling,water-resources",female,Norway,35
608,f2d92490-22cd-4f4a-a57f-92855539ee06,2022-04-05 15:48:52,industry,"hydropower,water-resources",male,Canada,12
609,f4088da6-671c-4488-82b1-7254b9ae5c7a,2022-03-23 13:52:46,academia,"water-resources,flood-modeling",male,Germany,20
610,f4596f7b-f971-46f9-90ef-550bb7174634,2022-03-22 11:41:09,public-sector,flood-modeling,other,United Kingdom,20
611,f4bf7505-0c9b-4eca-8e8a-631acccf6ca4,2022-03-22 20:23:26,public-sector,"flood-modeling,drought-modeling",male,Canada,10
612,f4c42c18-8f29-4262-bd87-ad12bc702e36,2022-04-07 06:27:25,industry,"flood-modeling,drought-modeling",male,Sweden,30
613,f4d36cb7-b974-47cc-9ac8-cfb44e7a0c8f,2022-03-22 23:10:53,academia,water-resources,male,Canada,15
614,f51df52c-d61c-4f6a-89af-0616aa94e280,2022-03-22 12:38:31,public-sector,water-resources,female,United States,10
615,f532312b-93ff-4ca4-8b16-02c5c1c9e210,2022-03-24 18:51:28,industry,"waterquality,water-resources,flood-modeling,consulting",female,Italy,13
616,f56bfcb8-5f11-4d7f-af64-70ba2bc3cc61,2022-04-11 12:01:10,public-sector,"flood-modeling,drought-modeling,water-resources,hydropower,consulting",male,United States,25
617,f584b02a-f2d3-40a9-9619-3ffc53e2ffba,2022-03-22 13:54:08,public-sector,water-resources,female,Malaysia,13
618,f5a94618-25bf-4975-82ce-509725f1fec8,2022-04-07 06:58:01,industry,water-resources,other,Bangladesh,4
619,f5b6783b-e757-4710-94cf-d6a7edfecf9d,2022-03-24 13:45:20,academia,flood-modeling,male,United States,5
620,f60d3b28-06a9-4e20-b6ab-c8222505f701,2022-04-09 02:50:34,academia,"flood-modeling,drought-modeling,waterquality,water-resources,hydropower,consulting",other,India,5
621,f69460f6-7e44-4f4d-acf6-f104261a92e2,2022-03-23 08:38:34,public-sector,water-resources,male,Spain,33
622,f70861c6-fdc1-4abf-a144-007b27a5905b,2022-03-24 20:37:36,academia,"water-resources,Insurance,consulting,drought-modeling,flood-modeling",male,Canada,1
623,f7a3b813-8f1d-4425-a2e5-be54ce8f4738,2022-03-22 22:29:34,public-sector,"flood-modeling,drought-modeling,water-resources,hydropower",male,Australia,16
624,f7c07835-4e9d-47a8-9a73-0b8044c5d3fb,2022-03-22 14:37:08,academia,water-resources,female,Netherlands,10
625,f8083341-fda0-40db-8826-f0ba30a988e3,2022-03-22 18:06:47,academia,waterquality,other,United States,3
626,f8087136-0cb9-4d7a-a9a0-a94ef19b520f,2022-03-22 22:38:51,academia,water-resources,female,Canada,4
627,f8f43490-509b-4433-83e0-2a224558236e,2022-03-23 12:56:42,academia,"other,Biology",male,Norway,0
628,fa310469-39f2-451e-9b0a-db81f18761fc,2022-04-07 06:20:34,industry,"flood-modeling,drought-modeling,water-resources,hydropower",male,Sweden,30
629,fa4c167b-3331-4b6f-a9c1-597dd0141129,2022-03-23 09:44:12,academia,"flood-modeling,water-resources,consulting",male,Costa Rica,4
630,fabb0aac-85ea-4915-abfb-edb6f679bd9d,2022-03-23 04:41:02,academia,"flood-modeling,water-resources",female,Nepal,10
631,facd0bbd-bce9-4ea2-ad61-764509cb37a6,2022-06-15 14:56:06,academia,consulting,male,Austria,1
632,fb064e2e-1d06-4371-ba9b-89ed2e8a07d7,2022-03-22 13:21:45,industry,hydropower,other,Liechtenstein,0
633,fc2c1582-4acc-4c22-8f41-5ff68b1c6e07,2022-03-22 18:50:12,academia,"water-resources,waterquality",male,Bangladesh,10
634,fc5696cd-88dd-4aff-8163-8783607c10c1,2022-03-22 11:39:21,public-sector,"flood-modeling,drought-modeling,water-resources,waterquality",male,United States,15
635,fcd2a99a-956a-49b5-a88c-807152a112ad,2022-03-23 09:24:28,academia,water-resources,female,Germany,12
636,fddbf7fb-7a20-4fce-a574-2432aa084dde,2022-03-24 12:43:15,academia,"water-resources,waterquality",male,Germany,20
637,fdf7371d-ff1b-4a23-9964-ac36fa2ed9f6,2022-03-24 04:53:26,public-sector,water-resources,female,Germany,14
638,fe929287-6e4f-465e-a7da-890d244166e7,2022-03-27 21:46:00,industry,"drought-modeling,social-sciences",male,Iran Islamic Republic of,5
639,feb902f3-90c0-4c9a-8763-d8d975981112,2022-03-22 17:14:57,academia,"flood-modeling,drought-modeling,water-resources,hydropower",male,United States,30
640,fece2624-db85-4d6e-84f2-249b510c769a,2022-03-25 12:17:28,academia,flood-modeling,female,Israel,25
641,ff048fcd-9063-4546-a672-08d6aedf3330,2022-03-23 20:32:58,academia,"flood-modeling,water-resources",male,Brazil,5
642,ff7a64ac-bac5-494a-8d3d-e270ab55cc6f,2022-03-28 07:49:46,public-sector,drought-modeling,male,United Kingdom,3
643,ff95c787-9e70-49c0-81b4-db70dbcac4e8,2022-03-22 22:31:03,industry,"consulting,hydropower",male,Canada,20
644,ff9adaa6-23d0-4b0e-90a0-f0a67b2f097b,2022-03-24 14:21:43,academia,"flood-modeling,water-resources",male,Italy,12
645,ffaf1266-2592-4427-9366-9c0e90026e31,2022-03-22 19:29:27,academia,"water-resources,drought-modeling",female,Austria,7
646,ffb20ae6-7a78-4949-919e-4f2322b1e526,2022-03-25 20:34:41,academia,social-sciences,male,United States,0
